ID;nome;profissao;idade
1000;Hadley;Call Center Representative;75
999;Alison;Accountant;40
998;Noah;Fabricator;73
997;Makenzie;Health Educator;39
996;Domenic;Inspector;27
995;Rufus;Health Educator;40
994;Vivian;Retail Trainee;67
993;Aiden;Production Painter;73
992;Jack;Machine Operator;49
991;Danny;Doctor;71
990;Destiny;Web Developer;31
989;Cassandra;Machine Operator;43
988;Domenic;Laboratory Technician;74
987;Carl;IT Support Staff;29
986;Florence;Dentist;51
985;Adela;Front Desk Coordinator;13
984;Celina;Baker;48
983;Jaylene;CNC Operator;77
982;Johnny;Software Engineer;69
981;Drew;Steward;64
980;Gwenyth;Executive Director;33
979;Angel;Project Manager;16
978;Jade;Ambulatory Nurse;17
977;Nathan;Budget Analyst;70
976;Chris;Design Engineer;63
975;Sebastian;Cash Manager;72
974;Candice;Staffing Consultant;32
973;Emerald;Doctor;24
972;Julius;Doctor;28
971;Belinda;Pharmacist;78
970;Carol;Steward;55
969;Carl;Call Center Representative;14
968;Erick;Mobile Developer;53
967;Nathan;Pharmacist;52
966;Daria;Fabricator;19
965;Judith;Accountant;15
964;Rocco;Food Technologist;52
963;Javier;HR Specialist;32
962;Johnny;Steward;72
961;Alan;Baker;32
960;Monica;Food Technologist;38
959;Vera;Baker;10
958;Chad;HR Specialist;24
957;Lucy;Assistant Buyer;53
956;Rae;Food Technologist;36
955;Beatrice;Cook;24
954;Lindsay;Treasurer;51
953;Lynn;Lecturer;20
952;Benjamin;Paramedic;30
951;Amy;Retail Trainee;30
950;Vera;Project Manager;30
949;Jacob;Global Logistics Supervisor;72
948;Liam;Physician;24
947;Isabel;Cook;76
946;Brad;Clerk;23
945;Carl;Systems Administrator;49
944;Vicky;Design Engineer;15
943;Victoria;Design Engineer;46
942;Rocco;Mobile Developer;33
941;Julianna;Inspector;48
940;Celia;Staffing Consultant;51
939;Daniel;Steward;31
938;Michael;Fabricator;71
937;Sofia;Business Broker;42
936;Sabrina;Pharmacist;57
935;Mark;CNC Operator;52
934;Chad;Designer;63
933;Shay;Cashier;59
932;Cedrick;Global Logistics Supervisor;31
931;Enoch;Treasurer;73
930;Ellen;Staffing Consultant;58
929;Jack;Retail Trainee;42
928;Davina;Cook;37
927;Maribel;Insurance Broker;58
926;Gloria;Stockbroker;65
925;Ron;Production Painter;24
924;Tom;HR Specialist;77
923;Martin;Laboratory Technician;72
922;Livia;Machine Operator;65
921;Anthony;Steward;43
920;Sadie;Call Center Representative;27
919;Angelina;Fabricator;21
918;Tyson;Systems Administrator;54
917;Alexander;Budget Analyst;41
916;Emmanuelle;IT Support Staff;58
915;Hazel;Executive Director;13
914;Liam;Laboratory Technician;73
913;Adela;Doctor;11
912;Martin;Mobile Developer;36
911;Adalind;Front Desk Coordinator;38
910;Harry;Food Technologist;40
909;Abdul;Mobile Developer;79
908;Tyson;Fabricator;21
907;Nathan;Accountant;31
906;Matthew;Paramedic;58
905;Leroy;Designer;79
904;Dasha;Health Educator;17
903;Melania;HR Specialist;25
902;Raquel;Retail Trainee;24
901;Julian;Laboratory Technician;50
900;Danielle;Paramedic;50
899;Martin;Health Educator;42
898;Bart;Service Supervisor;62
897;Moira;Webmaster;43
896;Lana;Restaurant Manager;40
895;Maya;Design Engineer;23
894;Javier;Paramedic;39
893;Angelina;Fabricator;65
892;Ellen;Doctor;25
891;Molly;Executive Director;35
890;Renee;Healthcare Specialist;19
889;Aileen;Front Desk Coordinator;65
888;Ryan;Mobile Developer;19
887;Hayden;Banker;69
886;Eileen;CNC Operator;74
885;Dakota;Insurance Broker;76
884;Mayleen;Operator;53
883;Julian;Retail Trainee;72
882;Esmeralda;Cash Manager;44
881;Enoch;IT Support Staff;73
880;Danny;Laboratory Technician;61
879;Ryan;Front Desk Coordinator;41
878;Leroy;Paramedic;58
877;Denis;HR Coordinator;59
876;Bristol;Physician;32
875;Aiden;Machine Operator;61
874;Julius;Bellman;16
873;Tyson;Budget Analyst;70
872;Mandy;Electrician;14
871;Mike;Dentist;48
870;Maxwell;Audiologist;38
869;William;Treasurer;13
868;Teagan;Cook;59
867;Makenzie;Operator;54
866;Rose;Investment  Advisor;74
865;Chadwick;Food Technologist;23
864;Irene;Cashier;27
863;Joyce;Budget Analyst;14
862;Lillian;Operator;66
861;David;Health Educator;24
860;Francesca;Paramedic;27
859;Aiden;Electrician;41
858;Karla;Treasurer;38
857;Mason;Lecturer;10
856;Drew;Health Educator;27
855;Tyler;Cash Manager;46
854;Kate;Pharmacist;62
853;Jayden;IT Support Staff;66
852;Skylar;Biologist;17
851;Jayden;Production Painter;66
850;Matt;Chef Manager;42
849;Ramon;Project Manager;57
848;Leroy;Doctor;78
847;Anais;Doctor;57
846;Paula;Doctor;61
845;Nathan;Inspector;60
844;Irene;Bellman;75
843;Tyler;Call Center Representative;38
842;Jacob;Physician;72
841;Callie;Systems Administrator;35
840;Barney;Global Logistics Supervisor;64
839;Sloane;Doctor;72
838;Rufus;Doctor;53
837;Clint;Designer;18
836;Daniel;Baker;28
835;Eden;Bookkeeper;54
834;Mayleen;Fabricator;39
833;Adalind;Banker;26
832;Noah;Inspector;16
831;Erick;Call Center Representative;66
830;Amy;Mobile Developer;13
829;Caitlyn;Physician;60
828;Samara;Production Painter;40
827;Diane;Chef Manager;11
826;Ema;Auditor;79
825;Gemma;Design Engineer;14
824;Penny;Doctor;23
823;Russel;Inspector;64
822;Alessia;Loan Officer;12
821;Aileen;Budget Analyst;42
820;Jaylene;Bookkeeper;68
819;Nick;Staffing Consultant;33
818;Rihanna;Electrician;61
817;Enoch;Operator;58
816;Marjorie;Associate Professor;61
815;Tara;Staffing Consultant;62
814;Chester;Laboratory Technician;38
813;Mina;Cash Manager;70
812;Maya;Mobile Developer;23
811;Martin;Cashier;69
810;Sasha;Steward;76
809;Gwenyth;Service Supervisor;60
808;Aiden;Cashier;38
807;Harvey;Designer;62
806;Dasha;Designer;52
805;Cassidy;Health Educator;25
804;Charlize;Loan Officer;67
803;Logan;Web Developer;12
802;Cedrick;Healthcare Specialist;16
801;Brooklyn;CNC Operator;70
800;Jackeline;Baker;16
799;Percy;Web Developer;30
798;Gabriel;Budget Analyst;38
797;Ramon;Machine Operator;47
796;David;Laboratory Technician;56
795;Benny;Investment  Advisor;34
794;Rosalie;Systems Administrator;58
793;Carter;Doctor;45
792;Johnathan;Biologist;68
791;Percy;Designer;27
790;Cecilia;Staffing Consultant;49
789;Gabriel;Webmaster;44
788;Mike;Ambulatory Nurse;18
787;Percy;Insurance Broker;51
786;Jazmin;Fabricator;50
785;Logan;Executive Director;18
784;Gwenyth;Webmaster;20
783;Sebastian;Business Broker;69
782;Phoebe;Assistant Buyer;73
781;Hope;Fabricator;12
780;Luna;Restaurant Manager;23
779;Tony;Steward;61
778;Carmen;Mobile Developer;22
777;Danielle;Bellman;53
776;Lauren;Restaurant Manager;77
775;Jayden;Doctor;61
774;Michaela;Cook;60
773;Bryon;Cash Manager;63
772;Marissa;Designer;55
771;Caydence;Bookkeeper;56
770;Amy;Auditor;41
769;Cassandra;Inspector;64
768;Amy;Designer;40
767;Phoebe;Steward;13
766;Barney;Retail Trainee;72
765;Piper;Clerk;78
764;Nick;Business Broker;57
763;Kenzie;Pharmacist;66
762;Gabriel;Systems Administrator;47
761;Isabella;Designer;69
760;Nicholas;Operator;74
759;Ronald;HR Specialist;27
758;Hailey;Associate Professor;62
757;Carol;Web Developer;46
756;Dani;Biologist;13
755;Benjamin;Paramedic;64
754;Lara;Bellman;68
753;Hayden;Restaurant Manager;23
752;Trisha;Production Painter;11
751;Ryan;Inspector;13
750;Nick;Associate Professor;63
749;Lily;Food Technologist;66
748;Emery;Doctor;68
747;Hazel;HR Coordinator;70
746;Benjamin;Front Desk Coordinator;45
745;Jennifer;Bookkeeper;79
744;Erick;Lecturer;56
743;Chanelle;Webmaster;17
742;George;Designer;33
741;David;Laboratory Technician;37
740;Belinda;Ambulatory Nurse;69
739;Jayden;Cook;36
738;Javier;Assistant Buyer;72
737;Cara;Auditor;31
736;Angelica;Service Supervisor;40
735;Mark;Production Painter;41
734;Sebastian;Electrician;63
733;Wade;Accountant;60
732;Dakota;Loan Officer;17
731;Henry;Bookkeeper;16
730;Cedrick;Investment  Advisor;45
729;William;IT Support Staff;22
728;Caleb;Healthcare Specialist;31
727;Christine;Doctor;65
726;Nicholas;Auditor;47
725;Bernadette;Systems Administrator;61
724;Elijah;Design Engineer;18
723;Logan;Physician;45
722;Rachael;Design Engineer;44
721;Ruth;Operator;24
720;Eduardo;CNC Operator;18
719;Kate;Design Engineer;18
718;Danielle;Associate Professor;29
717;Michael;Budget Analyst;61
716;Maia;Business Broker;18
715;Ryan;Restaurant Manager;47
714;Chuck;Call Center Representative;15
713;Denis;Electrician;47
712;Marie;Pharmacist;51
711;Cedrick;Retail Trainee;40
710;Martha;Global Logistics Supervisor;16
709;Blake;Software Engineer;59
708;Amelia;Electrician;20
707;Lucy;Restaurant Manager;79
706;Liv;Baker;28
705;Gina;Business Broker;59
704;Bryon;Design Engineer;32
703;Ciara;Executive Director;11
702;Daniel;Associate Professor;20
701;Rose;Stockbroker;30
700;Carter;Electrician;55
699;Aiden;Designer;40
698;Chuck;Bellman;37
697;Cameron;Pharmacist;68
696;Noah;Systems Administrator;38
695;Marvin;Investment  Advisor;61
694;Alexa;Inspector;29
693;Marilyn;Cook;16
692;Gil;Operator;18
691;Renee;Physician;19
690;Oliver;Dentist;56
689;Blake;Lecturer;63
688;Camden;HR Specialist;61
687;Jade;Machine Operator;14
686;Henry;Pharmacist;79
685;Ronald;Restaurant Manager;37
684;Bryon;Machine Operator;23
683;Gabriel;Design Engineer;40
682;Tyler;CNC Operator;27
681;Percy;Laboratory Technician;78
680;Caitlyn;Biologist;77
679;Cassandra;Design Engineer;47
678;Catherine;Staffing Consultant;30
677;Elijah;Treasurer;15
676;Darlene;Lecturer;62
675;Kieth;Clerk;75
674;Erick;Machine Operator;16
673;Sharon;Doctor;22
672;Harvey;Fabricator;24
671;Harry;Global Logistics Supervisor;71
670;Matt;Investment  Advisor;52
669;Johnny;Laboratory Technician;60
668;Hannah;Associate Professor;79
667;Aiden;Accountant;63
666;Alexander;Mobile Developer;25
665;Anne;Clerk;68
664;Jayden;Baker;74
663;Doug;Web Developer;69
662;Elijah;Pharmacist;64
661;Candice;Doctor;34
660;Naomi;Biologist;69
659;Marie;Laboratory Technician;46
658;Kurt;Electrician;48
657;Luna;Baker;36
656;Owen;Baker;58
655;Julius;Designer;14
654;Aisha;Health Educator;19
653;Hope;Project Manager;68
652;Martha;Retail Trainee;36
651;Julius;Health Educator;37
650;Rosie;Design Engineer;10
649;William;Business Broker;64
648;Nick;Project Manager;68
647;Leah;Cash Manager;26
646;Dani;CNC Operator;10
645;Denis;Bellman;58
644;Melania;Clerk;24
643;Marigold;Baker;43
642;Tom;Paramedic;22
641;Benny;Executive Director;47
640;Drew;Bellman;53
639;Harry;Software Engineer;21
638;Joseph;CNC Operator;53
637;Leanne;Service Supervisor;49
636;Wade;Business Broker;48
635;Lucy;Software Engineer;48
634;Russel;Biologist;59
633;Dalia;Insurance Broker;53
632;Henry;Paramedic;25
631;Alan;Ambulatory Nurse;78
630;Alba;Staffing Consultant;74
629;Samara;Clerk;10
628;Chuck;Budget Analyst;59
627;Mara;Systems Administrator;41
626;Gil;Bookkeeper;21
625;Logan;Webmaster;15
624;Erick;Insurance Broker;51
623;Clint;Fabricator;44
622;Tony;Software Engineer;77
621;Lorraine;Cash Manager;35
620;Penny;Cook;12
619;Marjorie;Loan Officer;42
618;Adela;Clerk;25
617;Dasha;Retail Trainee;74
616;Piper;Chef Manager;35
615;Javier;Stockbroker;34
614;Mike;Chef Manager;79
613;Rosemary;Cook;67
612;Rick;Food Technologist;28
611;Britney;Designer;49
610;Abbey;Restaurant Manager;22
609;Carolyn;Webmaster;23
608;Domenic;Inspector;54
607;Shelby;Software Engineer;62
606;Oliver;Auditor;58
605;Hank;Assistant Buyer;39
604;Marie;Staffing Consultant;25
603;Ronald;Machine Operator;77
602;Miley;Software Engineer;14
601;Anthony;Service Supervisor;43
600;Mason;Retail Trainee;10
599;Nicole;Staffing Consultant;74
598;Vicky;Clerk;70
597;Kenzie;Designer;75
596;Erica;Software Engineer;28
595;Anthony;CNC Operator;18
594;Percy;Cashier;77
593;Alan;Biologist;75
592;Emerald;Mobile Developer;44
591;Estrella;IT Support Staff;77
590;Felicity;Laboratory Technician;54
589;Rhea;Inspector;11
588;Dakota;Bellman;34
587;Cherish;Audiologist;41
586;Julianna;Biologist;64
585;Domenic;Clerk;25
584;Adeline;Loan Officer;44
583;John;Staffing Consultant;34
582;Oliver;Inspector;35
581;Jolene;Machine Operator;62
580;Alessandra;Accountant;28
579;Emely;Global Logistics Supervisor;33
578;Ally;Laboratory Technician;49
577;Julius;Health Educator;42
576;Margaret;Lecturer;37
575;Martha;Design Engineer;36
574;Alice;Dentist;34
573;Emmanuelle;Assistant Buyer;43
572;Denny;Auditor;70
571;Sloane;Systems Administrator;67
570;Karla;Loan Officer;71
569;Roger;Call Center Representative;17
568;Chuck;Dentist;73
567;Dalia;Treasurer;49
566;Rachael;Steward;26
565;Nancy;Baker;71
564;Liam;Designer;78
563;Anais;Lecturer;26
562;Beatrice;Retail Trainee;26
561;Danny;Global Logistics Supervisor;77
560;Noemi;Accountant;59
559;Matt;Paramedic;53
558;Aiden;Clerk;42
557;Penny;Cook;21
556;Maribel;Cashier;54
555;Chester;Systems Administrator;18
554;Cassidy;Lecturer;46
553;Crystal;Systems Administrator;48
552;Abbey;Cash Manager;27
551;Wade;Lecturer;11
550;Nate;Food Technologist;79
549;Maggie;Operator;68
548;Rufus;Cashier;64
547;Hayden;Banker;42
546;Gabriel;Front Desk Coordinator;47
545;Matthew;Food Technologist;40
544;Wendy;Accountant;77
543;Melania;Business Broker;30
542;Emerald;Pharmacist;43
541;Harry;Executive Director;57
540;Ryan;Inspector;40
539;Gina;Designer;51
538;Johnny;IT Support Staff;40
537;Chloe;Executive Director;61
536;Rhea;Bellman;73
535;Mayleen;Health Educator;36
534;Bryon;Steward;51
533;Ada;Doctor;22
532;Luna;Insurance Broker;32
531;Rocco;Software Engineer;62
530;Luna;Baker;63
529;Alan;Mobile Developer;42
528;Tony;Banker;50
527;Mark;Auditor;49
526;Adalie;Accountant;10
525;Cameron;Stockbroker;24
524;Rufus;Systems Administrator;41
523;Johnathan;Retail Trainee;45
522;Callie;Call Center Representative;11
521;Ron;Assistant Buyer;37
520;Denny;Mobile Developer;45
519;Carmella;Bookkeeper;23
518;Leroy;Project Manager;60
517;Julius;Operator;59
516;Danny;Loan Officer;13
515;Sarah;Global Logistics Supervisor;15
514;Bryce;Accountant;61
513;William;Bellman;61
512;Sasha;Call Center Representative;64
511;Noah;Software Engineer;75
510;Winnie;Clerk;75
509;Eryn;Chef Manager;19
508;Tess;Dentist;70
507;Celina;IT Support Staff;78
506;Isabel;Healthcare Specialist;40
505;Alma;Production Painter;74
504;Josh;Ambulatory Nurse;73
503;Natalie;Budget Analyst;56
502;Naomi;Electrician;34
501;Jocelyn;Bookkeeper;46
500;Alexander;Assistant Buyer;40
499;Caitlyn;Banker;42
498;Hope;Loan Officer;61
497;Alex;Associate Professor;38
496;Margaret;Associate Professor;69
495;Caleb;Treasurer;52
494;Denny;Restaurant Manager;24
493;Johnathan;Loan Officer;17
492;Nate;Operator;37
491;Ron;Investment  Advisor;19
490;Cedrick;Staffing Consultant;62
489;Bethany;Ambulatory Nurse;28
488;Camden;Executive Director;31
487;Lynn;Production Painter;56
486;Eryn;CNC Operator;41
485;Marvin;Ambulatory Nurse;43
484;Shannon;Assistant Buyer;17
483;Wade;Laboratory Technician;75
482;Doug;Cashier;41
481;Ron;CNC Operator;50
480;Gabriel;Operator;30
479;Logan;Treasurer;48
478;Hayden;Cash Manager;21
477;Denis;Laboratory Technician;30
476;Gwenyth;Physician;18
475;Bob;Retail Trainee;77
474;Gabriel;Global Logistics Supervisor;76
473;Tyler;Web Developer;44
472;Brad;Electrician;33
471;Margot;Investment  Advisor;17
470;Marjorie;IT Support Staff;54
469;Mike;Designer;41
468;Harvey;IT Support Staff;48
467;Brad;HR Specialist;31
466;Rufus;Fabricator;21
465;Karla;Doctor;15
464;Michael;Accountant;63
463;Gwen;Ambulatory Nurse;52
462;Eduardo;Physician;18
461;Sadie;Executive Director;63
460;Juliette;Business Broker;37
459;Anabelle;Treasurer;71
458;Julian;Paramedic;63
457;Matthew;Retail Trainee;23
456;Daphne;Cash Manager;58
455;Christy;Designer;54
454;Russel;Executive Director;32
453;Jack;Bellman;71
452;Manuel;Assistant Buyer;39
451;Chuck;Project Manager;65
450;Zara;Designer;25
449;Goldie;Staffing Consultant;39
448;Sebastian;Treasurer;39
447;Chester;Paramedic;50
446;Emmanuelle;Investment  Advisor;74
445;Angelique;Paramedic;61
444;Enoch;Fabricator;15
443;Jacob;Restaurant Manager;64
442;Mike;Global Logistics Supervisor;44
441;Quinn;Webmaster;39
440;Elly;Web Developer;49
439;Gabriel;Webmaster;12
438;Kieth;Call Center Representative;46
437;Marla;Physician;79
436;Danny;Electrician;77
435;Abdul;Web Developer;59
434;Fred;Healthcare Specialist;60
433;Vicky;Executive Director;14
432;Bryon;HR Coordinator;39
431;Julius;HR Specialist;72
430;Payton;Physician;67
429;Alexa;Business Broker;38
428;Elise;Operator;34
427;Savannah;Executive Director;40
426;Jade;Assistant Buyer;51
425;Phillip;Service Supervisor;30
424;Brad;Ambulatory Nurse;23
423;Violet;HR Specialist;58
422;Jacob;Fabricator;78
421;Greta;Front Desk Coordinator;15
420;Russel;Bellman;79
419;Nicholas;Steward;26
418;Francesca;Bellman;16
417;Carter;Electrician;41
416;Marina;Business Broker;29
415;Alan;Doctor;62
414;Christine;Assistant Buyer;49
413;Daniel;Web Developer;36
412;Domenic;Baker;42
411;Owen;Banker;14
410;Jack;Bellman;63
409;Tony;Audiologist;66
408;Marie;Insurance Broker;72
407;Gabriel;Health Educator;35
406;Carla;Webmaster;26
405;Danny;Dentist;23
404;Hank;Doctor;76
403;Doug;Treasurer;13
402;Shelby;Healthcare Specialist;17
401;Mara;Physician;52
400;Clarissa;Lecturer;50
399;Alan;Service Supervisor;60
398;Andie;Audiologist;76
397;Nathan;Global Logistics Supervisor;25
396;Domenic;Project Manager;65
395;Chuck;Machine Operator;56
394;Marigold;Global Logistics Supervisor;68
393;Susan;CNC Operator;13
392;Miriam;HR Coordinator;47
391;Destiny;Staffing Consultant;52
390;Daron;Service Supervisor;34
389;Agnes;Systems Administrator;47
388;Matthew;Stockbroker;71
387;Carl;Operator;62
386;Ruth;Chef Manager;21
385;Camila;Clerk;23
384;Harvey;Clerk;42
383;Callie;Investment  Advisor;59
382;Chuck;Fabricator;44
381;Chester;Fabricator;74
380;Hank;Pharmacist;12
379;Manuel;Cashier;25
378;Denis;Accountant;19
377;Peter;Pharmacist;12
376;Ethan;Doctor;54
375;Marie;Pharmacist;24
374;Matthew;CNC Operator;35
373;Jacqueline;Investment  Advisor;23
372;Florence;Production Painter;36
371;Peter;Fabricator;73
370;Adalind;Bellman;28
369;Vera;Assistant Buyer;32
368;Angelique;Designer;61
367;Matt;Cook;21
366;Isla;Steward;60
365;Melody;Laboratory Technician;76
364;Phillip;Restaurant Manager;13
363;Rufus;Doctor;30
362;Barry;Accountant;57
361;Kenzie;Machine Operator;40
360;Fred;Executive Director;56
359;Gwen;Clerk;58
358;Jackeline;Call Center Representative;20
357;Grace;Restaurant Manager;67
356;Leanne;Global Logistics Supervisor;27
355;Eduardo;Designer;63
354;Estrella;Global Logistics Supervisor;61
353;Estrella;Restaurant Manager;48
352;Manuel;Webmaster;45
351;Ethan;Production Painter;51
350;Fred;Chef Manager;54
349;Chelsea;Associate Professor;57
348;Tania;Bookkeeper;56
347;Benny;Software Engineer;33
346;Hank;Accountant;53
345;Russel;Treasurer;14
344;Caitlyn;Clerk;70
343;Mackenzie;Call Center Representative;70
342;Carl;Systems Administrator;25
341;Mike;Budget Analyst;58
340;Elena;Business Broker;52
339;Macy;Auditor;12
338;George;Machine Operator;62
337;John;Ambulatory Nurse;27
336;Enoch;Health Educator;62
335;Harvey;Bellman;21
334;Jacob;Chef Manager;64
333;Alan;Cashier;66
332;Harmony;Chef Manager;21
331;Jayden;Retail Trainee;50
330;Leroy;Stockbroker;12
329;Regina;Bellman;40
328;Goldie;Banker;31
327;Erin;Banker;61
326;Rebecca;Assistant Buyer;40
325;Chuck;Retail Trainee;48
324;Bree;HR Specialist;38
323;Johnathan;Clerk;78
322;Lucas;Webmaster;34
321;Clint;Investment  Advisor;71
320;Boris;Banker;60
319;Hank;Call Center Representative;31
318;Lindsay;Associate Professor;60
317;Javier;Biologist;51
316;Melania;Fabricator;32
315;Caleb;Bookkeeper;12
314;Rosie;Banker;60
313;Savannah;Pharmacist;79
312;Melania;Treasurer;78
311;Marvin;Cashier;55
310;Alba;Auditor;77
309;Anais;Chef Manager;53
308;Ryan;Ambulatory Nurse;39
307;Logan;Webmaster;53
306;Roger;Ambulatory Nurse;55
305;Anthony;Fabricator;79
304;Chanelle;Mobile Developer;62
303;Melanie;Lecturer;49
302;Nick;Budget Analyst;18
301;Isabel;Designer;41
300;Tyler;Clerk;37
299;Noah;Service Supervisor;69
298;Emery;Webmaster;61
297;Karen;Investment  Advisor;24
296;Johnathan;Cook;62
295;Aiden;Assistant Buyer;26
294;Melanie;Chef Manager;33
293;Natalie;Mobile Developer;22
292;Hanna;Cash Manager;72
291;Daron;Assistant Buyer;49
290;Martin;Banker;52
289;Carmen;Designer;15
288;Domenic;Call Center Representative;15
287;Savannah;Accountant;19
286;Caitlyn;Production Painter;42
285;Rick;Webmaster;31
284;Mason;Baker;49
283;Ally;CNC Operator;25
282;Christine;Stockbroker;20
281;Margot;Inspector;66
280;Ember;Fabricator;50
279;Ada;Insurance Broker;73
278;Liam;Loan Officer;66
277;John;IT Support Staff;70
276;Agnes;Audiologist;29
275;Barney;Auditor;21
274;Jacob;Cashier;41
273;Ember;Auditor;72
272;Liliana;Webmaster;26
271;Harriet;HR Coordinator;45
270;Hazel;Stockbroker;48
269;Russel;Webmaster;16
268;Daria;Cash Manager;30
267;Emely;Design Engineer;30
266;Isla;Mobile Developer;59
265;Tania;HR Coordinator;34
264;Charlize;Inspector;27
263;Jayden;Budget Analyst;78
262;Erica;Cashier;29
261;Catherine;Treasurer;16
260;Karla;Machine Operator;11
259;Sloane;Healthcare Specialist;20
258;Tony;Lecturer;68
257;Noah;Steward;38
256;Lucy;Cook;45
255;Sebastian;Physician;55
254;Percy;Health Educator;49
253;Mike;Design Engineer;60
252;Erick;Business Broker;33
251;Emerald;HR Coordinator;76
250;Kurt;Bookkeeper;58
249;Carter;Service Supervisor;24
248;Matt;Doctor;72
247;Alan;Food Technologist;56
246;Doris;Cash Manager;77
245;Cara;Food Technologist;55
244;Phillip;Design Engineer;67
243;Stacy;Treasurer;43
242;Samantha;Systems Administrator;38
241;Melania;Retail Trainee;31
240;Madelyn;Insurance Broker;32
239;Laila;Production Painter;78
238;Regina;Healthcare Specialist;40
237;Gwenyth;Designer;38
236;Chad;Business Broker;56
235;Kenzie;Associate Professor;51
234;Chris;Food Technologist;17
233;Savannah;Electrician;78
232;Dasha;Lecturer;47
231;Matthew;Treasurer;38
230;Logan;Associate Professor;44
229;Michelle;Ambulatory Nurse;29
228;Scarlett;Assistant Buyer;54
227;Nicholas;Physician;26
226;Kamila;Food Technologist;50
225;Alan;Electrician;70
224;Goldie;Accountant;72
223;Carissa;Systems Administrator;15
222;Benjamin;Electrician;46
221;Julianna;Machine Operator;55
220;Amelia;Front Desk Coordinator;59
219;Erin;Food Technologist;59
218;Rick;Restaurant Manager;44
217;Iris;Investment  Advisor;11
216;Karla;Associate Professor;20
215;Daria;Retail Trainee;23
214;Luke;Investment  Advisor;74
213;Destiny;Stockbroker;55
212;Chuck;Machine Operator;45
211;John;Baker;65
210;Carl;Stockbroker;14
209;Rosalyn;Project Manager;77
208;Julian;Healthcare Specialist;28
207;Clint;CNC Operator;74
206;Trisha;Accountant;21
205;Kieth;Health Educator;27
204;Benny;Clerk;44
203;Domenic;Web Developer;23
202;Danny;Healthcare Specialist;42
201;Peter;Health Educator;72
200;Ramon;Software Engineer;25
199;Mavis;Pharmacist;40
198;Ronald;Designer;24
197;Caleb;Global Logistics Supervisor;27
196;Lauren;HR Specialist;47
195;Harry;Executive Director;49
194;Parker;Restaurant Manager;74
193;Juliet;Machine Operator;12
192;Hanna;Operator;45
191;Benjamin;Cook;22
190;Ethan;Laboratory Technician;10
189;Ember;Accountant;40
188;Havana;Global Logistics Supervisor;78
187;Paige;Food Technologist;49
186;Ethan;Restaurant Manager;40
185;Maxwell;Bookkeeper;29
184;Emely;Audiologist;77
183;Erica;Webmaster;44
182;Tyson;Cashier;62
181;Francesca;Bellman;53
180;Audrey;Budget Analyst;25
179;Cameron;Treasurer;17
178;Jayden;Web Developer;18
177;Maya;Baker;43
176;Elly;Systems Administrator;13
175;Nicholas;Investment  Advisor;39
174;Scarlett;Cook;78
173;Tony;Staffing Consultant;10
172;Leanne;Software Engineer;69
171;Hank;Associate Professor;24
170;Caleb;Loan Officer;30
169;Chris;Staffing Consultant;76
168;Havana;Chef Manager;43
167;Sydney;Investment  Advisor;62
166;Audrey;Executive Director;36
165;Iris;HR Coordinator;51
164;Ethan;Associate Professor;10
163;Juliet;HR Specialist;57
162;Cecilia;Clerk;48
161;Tony;Executive Director;74
160;Alba;Fabricator;67
159;Anthony;Fabricator;20
158;Rocco;Laboratory Technician;53
157;Denny;Global Logistics Supervisor;60
156;Chris;IT Support Staff;16
155;Victoria;Cashier;75
154;Vicky;Clerk;35
153;Drew;Baker;29
152;Sabrina;Web Developer;62
151;Aeris;Project Manager;31
150;Brad;Business Broker;32
149;Bart;Retail Trainee;49
148;Michael;Ambulatory Nurse;30
147;Owen;Paramedic;71
146;Grace;Baker;17
145;Sage;Healthcare Specialist;53
144;John;Ambulatory Nurse;27
143;Kurt;Call Center Representative;23
142;Eileen;Baker;22
141;Brooklyn;Mobile Developer;20
140;Kieth;Cook;68
139;Logan;Project Manager;27
138;Harry;Doctor;77
137;Jane;Cash Manager;57
136;Angel;Health Educator;57
135;Eileen;Paramedic;48
134;Enoch;Systems Administrator;65
133;Alba;Production Painter;73
132;Michael;Call Center Representative;43
131;Stacy;Treasurer;49
130;Catherine;Stockbroker;71
129;Jack;Lecturer;74
128;Hank;Paramedic;68
127;Aleksandra;Health Educator;27
126;Barry;Budget Analyst;10
125;Manuel;IT Support Staff;78
124;Tess;Cook;36
123;Ethan;Executive Director;26
122;Emmanuelle;Loan Officer;54
121;Melanie;CNC Operator;27
120;Carter;Global Logistics Supervisor;33
119;Barry;IT Support Staff;24
118;Ethan;Bookkeeper;63
117;Juliet;Loan Officer;57
116;Charlize;HR Coordinator;35
115;Adelaide;Bookkeeper;52
114;Ron;Ambulatory Nurse;55
113;Marvin;Global Logistics Supervisor;51
112;Rosalyn;HR Coordinator;31
111;Camila;Doctor;26
110;Liam;Cashier;29
109;Brad;Stockbroker;40
108;Katelyn;Staffing Consultant;37
107;Bethany;Fabricator;21
106;Ramon;Restaurant Manager;50
105;Aiden;Staffing Consultant;77
104;Benny;Production Painter;58
103;Rosemary;Associate Professor;25
102;Noah;Cash Manager;29
101;Marina;Healthcare Specialist;49
100;Anthony;Call Center Representative;17
99;Drew;Operator;36
98;Henry;Executive Director;68
97;Erick;Bookkeeper;69
96;Elijah;Audiologist;68
95;Tom;Front Desk Coordinator;42
94;Sonya;Software Engineer;50
93;Jamie;Global Logistics Supervisor;11
92;Rowan;Operator;56
91;Roger;Design Engineer;57
90;Daron;Bellman;77
89;Sloane;Operator;50
88;Quinn;Loan Officer;27
87;Audrey;Clerk;75
86;Tyson;Biologist;39
85;Karen;Insurance Broker;62
84;Callie;Software Engineer;70
83;Aeris;Pharmacist;30
82;Emma;Fabricator;44
81;Eileen;Front Desk Coordinator;76
80;Fred;CNC Operator;19
79;Nicholas;Design Engineer;72
78;Alexander;Systems Administrator;79
77;Bart;Clerk;41
76;Kassandra;Investment  Advisor;77
75;Rowan;Chef Manager;68
74;Domenic;Restaurant Manager;69
73;Jacob;IT Support Staff;50
72;Tyler;Paramedic;38
71;Domenic;Paramedic;55
70;Ryan;Designer;24
69;Quinn;Inspector;10
68;Christine;Webmaster;37
67;Hayden;Ambulatory Nurse;52
66;Kurt;Front Desk Coordinator;63
65;Hank;Cook;61
64;Boris;Operator;49
63;Jasmine;Chef Manager;43
62;Eduardo;Fabricator;51
61;Ciara;Investment  Advisor;52
60;Enoch;Laboratory Technician;41
59;Bernadette;Banker;12
58;Sharon;Cook;51
57;Caleb;Food Technologist;25
56;William;Web Developer;71
55;Payton;Machine Operator;51
54;Parker;Chef Manager;28
53;Hanna;IT Support Staff;47
52;Katelyn;Bellman;37
51;Joseph;Pharmacist;57
50;Isabel;Design Engineer;21
49;Bryce;Software Engineer;51
48;Daphne;Physician;67
47;Phillip;Assistant Buyer;25
46;Rocco;Audiologist;36
45;Claire;Investment  Advisor;48
44;Tess;Treasurer;11
43;Rick;Design Engineer;70
42;Estrella;Investment  Advisor;45
41;Cameron;Ambulatory Nurse;41
40;Melania;Operator;24
39;Stephanie;Machine Operator;44
38;Andrea;Fabricator;12
37;Candace;Investment  Advisor;17
36;Jackeline;HR Coordinator;51
35;Fred;Food Technologist;62
34;Bart;Software Engineer;44
33;Michaela;Executive Director;66
32;William;Loan Officer;61
31;Carter;Dentist;41
30;Ronald;IT Support Staff;79
29;Johnathan;Business Broker;17
28;Nicole;Operator;28
27;Gabriel;Design Engineer;36
26;Gloria;Ambulatory Nurse;28
25;Scarlett;Bookkeeper;54
24;Domenic;Assistant Buyer;60
23;William;Laboratory Technician;66
22;Maya;Investment  Advisor;23
21;Cara;CNC Operator;27
20;Mavis;Electrician;15
19;Isla;Lecturer;60
18;George;Operator;60
17;Ethan;Laboratory Technician;51
16;George;Investment  Advisor;26
15;Vanessa;Bookkeeper;57
14;Daniel;Software Engineer;23
13;Maddison;Insurance Broker;43
12;Kaylee;Executive Director;71
11;Mark;Systems Administrator;30
10;Ryan;Dentist;78
9;Celina;Associate Professor;21
8;Kassandra;HR Specialist;33
7;Harmony;Project Manager;65
6;Leah;Pharmacist;44
5;Barry;Software Engineer;71
4;Julian;Assistant Buyer;71
3;Caleb;Webmaster;26
2;Daron;Design Engineer;51
1;Barney;Assistant Buyer;37
