ID;nome;profissao;idade
526;Abbey;Treasurer;65
1943;Abdul;Investment  Advisor;23
1664;Abdul;Assistant Buyer;15
1578;Abdul;Front Desk Coordinator;25
1520;Abdul;Doctor;33
1222;Abdul;Auditor;66
1086;Abdul;Design Engineer;22
756;Abdul;Machine Operator;29
746;Abdul;Call Center Representative;24
637;Abdul;Associate Professor;44
524;Abdul;Business Broker;42
407;Abdul;Web Developer;10
334;Abdul;Operator;38
248;Abdul;Loan Officer;39
169;Abdul;Banker;36
1820;Ada;Project Manager;33
1456;Ada;Bookkeeper;15
1180;Ada;Project Manager;62
977;Ada;Treasurer;31
950;Ada;Call Center Representative;26
903;Ada;Cash Manager;37
543;Adalie;Paramedic;16
1719;Adalind;Lecturer;69
1380;Adalind;Paramedic;26
689;Adalind;Doctor;14
203;Adalind;Stockbroker;15
78;Adalind;Cook;29
1581;Adela;Cash Manager;69
1000;Adela;Webmaster;33
388;Adela;Clerk;33
1884;Adelaide;Staffing Consultant;18
1607;Adelaide;Webmaster;39
1331;Adelaide;Project Manager;63
821;Adelaide;Health Educator;11
1131;Adina;HR Specialist;65
561;Adina;Audiologist;12
89;Adina;Bookkeeper;43
1548;Aeris;Steward;35
1185;Aeris;Designer;46
1927;Agnes;Audiologist;59
1919;Agnes;Machine Operator;48
1301;Agnes;Banker;66
947;Agnes;Accountant;10
1946;Aiden;Electrician;48
1646;Aiden;Banker;29
1388;Aiden;Operator;51
1078;Aiden;Insurance Broker;68
930;Aiden;Lecturer;11
544;Aiden;Mobile Developer;27
470;Aiden;Electrician;39
360;Aiden;Healthcare Specialist;67
50;Aiden;Steward;56
3;Aiden;Insurance Broker;41
1800;Aileen;Cash Manager;37
1440;Aileen;Restaurant Manager;52
1201;Aileen;Paramedic;52
1117;Aisha;Associate Professor;10
1072;Aisha;Service Supervisor;17
982;Aisha;Machine Operator;64
1783;Alan;Baker;49
1460;Alan;Lecturer;69
1311;Alan;Assistant Buyer;58
1133;Alan;Systems Administrator;50
1019;Alan;Service Supervisor;29
984;Alan;Associate Professor;40
944;Alan;Retail Trainee;55
664;Alan;Webmaster;30
214;Alan;Banker;41
29;Alan;Banker;34
1464;Alba;Fabricator;69
683;Alba;Pharmacist;43
1143;Aleksandra;Cook;48
787;Aleksandra;Paramedic;16
1791;Alessandra;Restaurant Manager;14
1132;Alessandra;Pharmacist;51
1087;Alessandra;IT Support Staff;54
1753;Alessia;Lecturer;32
1503;Alessia;Chef Manager;65
1454;Alessia;Electrician;62
1192;Alessia;Software Engineer;29
1166;Alessia;Systems Administrator;53
681;Alessia;Treasurer;55
1299;Alex;Staffing Consultant;55
657;Alex;Retail Trainee;31
1810;Alexa;Service Supervisor;60
1601;Alexa;Retail Trainee;26
808;Alexa;Lecturer;19
261;Alexa;Designer;25
1998;Alexander;Dentist;11
1798;Alexander;Cash Manager;26
1188;Alexander;Pharmacist;68
1169;Alexander;Staffing Consultant;32
1048;Alexander;Project Manager;40
775;Alexander;Web Developer;34
553;Alexander;Pharmacist;15
79;Alexander;Audiologist;52
71;Alexander;Chef Manager;11
20;Alexander;Physician;20
1530;Alexia;Business Broker;26
495;Alexia;Webmaster;28
477;Alexia;Paramedic;36
404;Alexia;IT Support Staff;66
25;Alice;Restaurant Manager;47
1897;Alison;Electrician;25
1170;Alison;Staffing Consultant;46
420;Alison;Insurance Broker;16
1911;Allison;Business Broker;65
1296;Allison;Fabricator;47
535;Allison;Project Manager;36
1822;Ally;Machine Operator;55
795;Ally;Paramedic;29
449;Alma;Restaurant Manager;63
447;Alma;Pharmacist;23
206;Alma;Stockbroker;36
1619;Amy;Pharmacist;48
1164;Amy;Webmaster;64
1062;Amy;HR Coordinator;40
647;Amy;Dentist;52
613;Amy;Physician;19
517;Amy;Web Developer;46
148;Amy;Bookkeeper;58
1808;Anabel;Dentist;66
1626;Anabel;Insurance Broker;56
1589;Anabel;Laboratory Technician;66
1437;Anabel;Mobile Developer;10
1253;Anabel;Cashier;64
1144;Anabelle;IT Support Staff;50
673;Anabelle;HR Coordinator;65
409;Anais;Global Logistics Supervisor;50
2;Anais;Pharmacist;22
1402;Analise;Operator;22
1387;Analise;Doctor;47
837;Analise;Pharmacist;61
1420;Andie;Systems Administrator;53
1150;Andie;Lecturer;68
981;Andie;Chef Manager;28
329;Andie;Pharmacist;29
1057;Andrea;Insurance Broker;19
336;Andrea;Budget Analyst;26
68;Andrea;Insurance Broker;20
30;Andrea;Front Desk Coordinator;15
1807;Angel;Health Educator;51
1628;Angel;Bellman;59
735;Angel;CNC Operator;69
567;Angel;Pharmacist;21
1461;Angela;Operator;11
1034;Angela;Health Educator;37
824;Angela;Project Manager;22
558;Angela;Biologist;32
351;Angela;Associate Professor;55
74;Angela;Systems Administrator;65
1485;Angelica;Baker;43
887;Angelica;Health Educator;16
879;Angelica;Project Manager;17
454;Angelica;Machine Operator;18
1504;Angelina;Accountant;49
1322;Angelina;Bellman;29
726;Angelina;Electrician;39
682;Angelina;Cashier;57
425;Angelina;Loan Officer;68
249;Angelina;Bookkeeper;37
1445;Angelique;Paramedic;52
1076;Angelique;Food Technologist;42
569;Angelique;Project Manager;17
1179;Anne;Project Manager;28
1856;Anthony;Insurance Broker;37
1509;Anthony;Fabricator;37
1474;Anthony;Inspector;48
1472;Anthony;Mobile Developer;11
1452;Anthony;HR Coordinator;54
826;Anthony;Pharmacist;34
394;Anthony;Paramedic;32
379;Anthony;CNC Operator;47
202;Anthony;Lecturer;19
1864;Audrey;Food Technologist;33
957;Audrey;Webmaster;60
1843;Aurelia;Restaurant Manager;37
301;Aurelia;IT Support Staff;62
238;Aurelia;Chef Manager;58
163;Aurelia;Service Supervisor;17
1914;Barney;Insurance Broker;24
1901;Barney;Call Center Representative;42
1640;Barney;Insurance Broker;45
1613;Barney;Stockbroker;68
1489;Barney;CNC Operator;22
1365;Barney;Dentist;28
1066;Barney;Mobile Developer;20
867;Barney;Global Logistics Supervisor;68
150;Barney;Dentist;37
115;Barney;Front Desk Coordinator;50
8;Barney;Global Logistics Supervisor;62
1924;Barry;Assistant Buyer;18
1803;Barry;Accountant;38
1401;Barry;Systems Administrator;43
1254;Barry;IT Support Staff;55
1032;Barry;Designer;41
793;Barry;Executive Director;47
749;Barry;Lecturer;56
640;Barry;Clerk;33
615;Barry;Project Manager;32
201;Barry;Global Logistics Supervisor;16
63;Barry;Audiologist;40
1929;Bart;Treasurer;12
1759;Bart;Design Engineer;21
1735;Bart;Baker;64
1266;Bart;Mobile Developer;61
1022;Bart;Auditor;63
1005;Bart;Paramedic;48
829;Bart;Fabricator;25
573;Bart;Treasurer;19
458;Bart;Cook;58
255;Bart;Call Center Representative;48
1957;Beatrice;Machine Operator;60
1243;Beatrice;Inspector;23
413;Beatrice;Paramedic;47
130;Beatrice;Dentist;41
1844;Belinda;Bellman;22
1814;Belinda;Service Supervisor;64
1491;Belinda;Production Painter;10
143;Belinda;Bookkeeper;40
54;Belinda;Restaurant Manager;16
1996;Benjamin;HR Specialist;68
1936;Benjamin;Banker;54
520;Benjamin;Electrician;45
276;Benjamin;Designer;33
268;Benjamin;Health Educator;25
112;Benjamin;Design Engineer;22
7;Benjamin;HR Specialist;12
769;Benny;HR Specialist;61
583;Benny;Insurance Broker;64
527;Benny;Staffing Consultant;10
519;Benny;Webmaster;69
443;Benny;Front Desk Coordinator;23
386;Benny;Assistant Buyer;41
358;Benny;Lecturer;45
346;Benny;Investment  Advisor;36
237;Benny;Staffing Consultant;15
1922;Bernadette;Audiologist;28
1557;Bernadette;Paramedic;33
936;Bernadette;Biologist;19
607;Bernadette;HR Coordinator;55
433;Bernadette;Electrician;28
317;Bernadette;Chef Manager;12
27;Bernadette;Laboratory Technician;29
1969;Bethany;Software Engineer;15
1447;Bethany;Global Logistics Supervisor;47
1183;Blake;Pharmacist;19
1091;Blake;Bookkeeper;57
410;Blake;Audiologist;31
1761;Bob;Healthcare Specialist;11
1553;Bob;IT Support Staff;18
1526;Bob;Accountant;30
1426;Bob;Paramedic;19
1051;Bob;Physician;54
1050;Bob;HR Coordinator;21
999;Bob;Production Painter;28
880;Bob;Investment  Advisor;10
1542;Boris;Dentist;65
1510;Boris;Healthcare Specialist;28
1412;Boris;Investment  Advisor;18
1236;Boris;Project Manager;56
1096;Boris;Inspector;15
797;Boris;Retail Trainee;26
760;Boris;Design Engineer;20
667;Boris;Accountant;60
326;Boris;Restaurant Manager;28
320;Boris;Auditor;35
265;Boris;Clerk;67
1590;Brad;Lecturer;27
1476;Brad;Ambulatory Nurse;41
1431;Brad;Insurance Broker;62
1200;Brad;Executive Director;35
1136;Brad;Assistant Buyer;34
798;Brad;Retail Trainee;32
728;Brad;Treasurer;69
403;Brad;Steward;13
316;Brad;Global Logistics Supervisor;51
47;Brad;Baker;47
45;Brad;Treasurer;50
1;Brad;Cashier;49
1989;Bree;Restaurant Manager;51
1795;Bree;Audiologist;23
1359;Bree;Project Manager;25
1950;Bridget;Cash Manager;49
668;Bridget;Electrician;12
499;Bridget;Staffing Consultant;38
976;Bristol;CNC Operator;63
291;Bristol;Production Painter;22
174;Bristol;Steward;26
1831;Britney;Loan Officer;21
1479;Britney;Machine Operator;44
1167;Britney;Webmaster;69
945;Britney;Biologist;44
546;Britney;Project Manager;65
434;Bryce;Staffing Consultant;61
1913;Bryon;Insurance Broker;54
1709;Bryon;Healthcare Specialist;68
1671;Bryon;Health Educator;48
1555;Bryon;Bellman;37
705;Bryon;Software Engineer;37
262;Bryon;Accountant;56
221;Bryon;Cashier;50
84;Bryon;Software Engineer;57
1902;Cadence;Food Technologist;22
1482;Cadence;Webmaster;19
1004;Cadence;Mobile Developer;17
650;Cadence;Auditor;26
551;Cadence;Front Desk Coordinator;14
365;Cadence;Front Desk Coordinator;63
1636;Caitlyn;Laboratory Technician;61
450;Caitlyn;Treasurer;55
411;Caitlyn;Accountant;54
337;Caitlyn;Electrician;36
1546;Caleb;Investment  Advisor;41
1353;Caleb;Front Desk Coordinator;28
1141;Caleb;Associate Professor;50
861;Caleb;Chef Manager;41
704;Caleb;Cook;58
521;Caleb;Ambulatory Nurse;52
502;Caleb;Front Desk Coordinator;29
369;Caleb;Food Technologist;44
313;Caleb;Doctor;53
107;Caleb;Operator;13
959;Callie;Pharmacist;60
610;Callie;Chef Manager;51
100;Callie;Mobile Developer;23
525;Camden;Banker;49
1889;Camellia;Paramedic;53
1453;Camellia;Assistant Buyer;53
1999;Cameron;Banker;24
1405;Cameron;Design Engineer;26
955;Cameron;Cash Manager;40
818;Cameron;Biologist;21
1330;Camila;Staffing Consultant;66
1276;Camila;Call Center Representative;31
1079;Camila;Loan Officer;68
82;Camila;Bellman;45
1939;Candace;Baker;47
1014;Candace;Budget Analyst;28
486;Candace;Service Supervisor;39
1859;Cara;Steward;27
1625;Cara;Cook;60
1307;Cara;Machine Operator;49
1455;Carina;Mobile Developer;62
1768;Carissa;IT Support Staff;13
547;Carissa;Ambulatory Nurse;27
1587;Carl;Software Engineer;65
1507;Carl;Dentist;46
1278;Carl;Paramedic;12
1232;Carl;Lecturer;23
1055;Carl;Banker;55
941;Carl;Auditor;27
455;Carl;Restaurant Manager;21
284;Carl;Health Educator;32
138;Carl;Clerk;13
123;Carl;Budget Analyst;38
67;Carl;IT Support Staff;55
1848;Carla;HR Specialist;68
1669;Carla;Global Logistics Supervisor;23
1290;Carla;Software Engineer;28
1196;Carla;Auditor;61
461;Carla;Investment  Advisor;66
22;Carla;Global Logistics Supervisor;17
1845;Carmella;HR Coordinator;36
1422;Carmella;Physician;68
962;Carmella;Insurance Broker;56
701;Carmella;Loan Officer;48
478;Carmella;Retail Trainee;37
119;Carmella;Webmaster;20
1303;Carmen;Global Logistics Supervisor;42
819;Carmen;Project Manager;19
257;Carmen;HR Coordinator;50
141;Carmen;Healthcare Specialist;33
15;Carmen;Health Educator;29
1708;Carol;Software Engineer;13
1397;Carol;Operator;10
1351;Carol;Cash Manager;40
994;Carol;Webmaster;53
1193;Carolyn;Project Manager;52
762;Carolyn;Associate Professor;43
579;Carolyn;Service Supervisor;31
533;Carolyn;Paramedic;49
318;Carolyn;Global Logistics Supervisor;38
157;Carolyn;Ambulatory Nurse;25
1879;Carter;Webmaster;15
1691;Carter;Project Manager;62
1575;Carter;Clerk;23
1458;Carter;Project Manager;25
1281;Carter;Lecturer;68
915;Carter;Service Supervisor;19
911;Carter;Healthcare Specialist;48
844;Carter;Laboratory Technician;31
812;Carter;Designer;29
568;Carter;Budget Analyst;36
310;Carter;Electrician;29
10;Carter;Associate Professor;60
1645;Cassandra;Clerk;13
1358;Cassandra;Clerk;25
862;Cassandra;Webmaster;56
653;Cassandra;Cook;35
1698;Cassidy;IT Support Staff;35
1606;Cassidy;Service Supervisor;64
1221;Cassidy;Cashier;69
574;Cassidy;Investment  Advisor;38
1658;Catherine;Mobile Developer;37
35;Caydence;Mobile Developer;57
1623;Cecilia;Bookkeeper;44
1903;Cedrick;Fabricator;14
1769;Cedrick;Investment  Advisor;58
1026;Cedrick;Stockbroker;66
991;Cedrick;Chef Manager;18
588;Cedrick;Chef Manager;63
298;Cedrick;Restaurant Manager;58
142;Cedrick;Insurance Broker;10
21;Cedrick;HR Specialist;48
557;Celia;Project Manager;22
1681;Chad;Mobile Developer;65
1672;Chad;Auditor;18
1554;Chad;Business Broker;52
1238;Chad;Production Painter;52
1235;Chad;Machine Operator;11
937;Chad;Design Engineer;36
716;Chad;Auditor;63
602;Chad;Fabricator;54
541;Chad;Budget Analyst;16
171;Chad;Systems Administrator;42
1968;Chadwick;Baker;49
1941;Chadwick;Webmaster;57
1406;Chadwick;Fabricator;65
1092;Chadwick;Accountant;18
924;Chadwick;Loan Officer;50
245;Chadwick;Steward;31
292;Chanelle;Machine Operator;22
264;Chanelle;Designer;56
194;Chanelle;Web Developer;43
110;Charlize;Treasurer;47
1130;Charlotte;Project Manager;37
1972;Chelsea;Paramedic;27
1729;Chelsea;Investment  Advisor;32
1612;Chelsea;Call Center Representative;41
1279;Chelsea;Design Engineer;36
677;Chelsea;Paramedic;32
614;Cherish;Cashier;59
472;Cherish;Cashier;53
1737;Chester;Front Desk Coordinator;31
1635;Chester;Food Technologist;43
1399;Chester;Restaurant Manager;42
1348;Chester;Doctor;27
1156;Chester;Service Supervisor;52
345;Chester;Pharmacist;18
154;Chester;Restaurant Manager;55
1271;Chloe;Auditor;65
471;Chloe;Investment  Advisor;50
1599;Chris;HR Specialist;22
1579;Chris;Lecturer;49
1430;Chris;Call Center Representative;39
1413;Chris;Operator;64
1319;Chris;Associate Professor;49
1248;Chris;Designer;19
1173;Chris;Call Center Representative;12
1074;Chris;Retail Trainee;30
996;Chris;Design Engineer;32
571;Chris;Designer;59
353;Chris;Design Engineer;19
287;Chris;Cash Manager;38
132;Chris;Baker;32
131;Chris;Lecturer;16
1717;Christine;Accountant;30
1488;Christine;Design Engineer;14
1423;Christine;Cashier;47
539;Christine;Laboratory Technician;26
1696;Christy;Software Engineer;18
1556;Christy;Staffing Consultant;44
293;Christy;Treasurer;57
1352;Chuck;Baker;25
1328;Chuck;Lecturer;45
1288;Chuck;Loan Officer;64
914;Chuck;Project Manager;58
802;Chuck;CNC Operator;28
780;Chuck;Dentist;63
429;Chuck;Chef Manager;59
162;Chuck;Machine Operator;67
1378;Ciara;Bookkeeper;17
1084;Ciara;Physician;49
1506;Claire;Doctor;20
973;Claire;Service Supervisor;43
1025;Clarissa;HR Specialist;13
649;Clarissa;Global Logistics Supervisor;14
415;Clarissa;Dentist;17
1480;Clint;Doctor;39
1069;Clint;Design Engineer;43
1056;Clint;Food Technologist;47
1011;Clint;Operator;66
958;Clint;Clerk;50
399;Clint;Executive Director;65
1951;Colleen;Banker;48
744;Colleen;Pharmacist;53
498;Colleen;Audiologist;12
1990;Courtney;Pharmacist;34
1138;Courtney;Steward;57
770;Courtney;Steward;15
529;Courtney;Global Logistics Supervisor;44
490;Courtney;Pharmacist;32
217;Courtney;Accountant;50
1580;Cristal;Fabricator;28
1089;Cristal;Bookkeeper;62
540;Cristal;Health Educator;65
494;Cristal;Banker;36
1210;Crystal;Dentist;21
465;Crystal;Design Engineer;21
391;Crystal;Call Center Representative;53
1110;Cynthia;Lecturer;38
881;Cynthia;Retail Trainee;25
757;Cynthia;Fabricator;42
435;Cynthia;Laboratory Technician;49
1433;Dakota;IT Support Staff;16
1063;Dakota;Banker;17
850;Dakota;CNC Operator;23
803;Dakota;Health Educator;26
559;Dakota;Webmaster;18
431;Dakota;Clerk;39
125;Dalia;Inspector;11
1418;Dani;Web Developer;24
1213;Dani;Fabricator;45
1111;Dani;Steward;27
1834;Daniel;IT Support Staff;25
1813;Daniel;Retail Trainee;10
1755;Daniel;Bellman;18
1362;Daniel;Assistant Buyer;23
1333;Danielle;Production Painter;28
464;Danielle;Baker;15
253;Danielle;Front Desk Coordinator;45
1873;Danny;Loan Officer;17
1490;Danny;Paramedic;60
1068;Danny;Clerk;53
31;Danny;Front Desk Coordinator;16
1594;Daphne;Machine Operator;61
1417;Daphne;Associate Professor;53
333;Daphne;Banker;22
970;Daria;Global Logistics Supervisor;40
694;Daria;Budget Analyst;35
643;Daria;Paramedic;52
488;Daria;Production Painter;63
397;Daria;Service Supervisor;60
1773;Darlene;Webmaster;42
1615;Daron;Bellman;39
1120;Daron;Laboratory Technician;52
807;Daron;Bellman;34
505;Daron;Bookkeeper;11
1910;Dasha;Fabricator;35
854;Dasha;IT Support Staff;41
438;Dasha;Production Painter;26
108;Dasha;Software Engineer;17
66;Dasha;Healthcare Specialist;35
1985;David;Bellman;41
1875;David;Operator;40
1835;David;Stockbroker;40
1818;David;Cashier;47
1157;David;Auditor;23
929;David;Cash Manager;28
270;David;Ambulatory Nurse;19
192;David;Steward;17
65;David;Executive Director;26
33;David;Budget Analyst;37
1327;Davina;Restaurant Manager;38
1549;Deborah;Operator;50
1350;Deborah;Investment  Advisor;61
847;Deborah;Bookkeeper;11
636;Deborah;Chef Manager;30
1917;Denis;Electrician;54
1805;Denis;Bookkeeper;37
1732;Denis;Inspector;37
1638;Denis;HR Coordinator;32
1375;Denis;Project Manager;53
1374;Denis;Physician;51
1294;Denis;Bellman;32
1065;Denis;Global Logistics Supervisor;48
974;Denis;Machine Operator;35
687;Denis;Systems Administrator;10
60;Denis;Healthcare Specialist;29
1986;Denny;Ambulatory Nurse;27
1558;Denny;Doctor;12
1513;Denny;Associate Professor;30
1508;Denny;Insurance Broker;68
1230;Denny;Auditor;18
1108;Denny;Mobile Developer;69
920;Denny;IT Support Staff;55
791;Denny;Treasurer;26
412;Denny;Dentist;44
401;Denny;Webmaster;42
219;Denny;Steward;13
198;Denny;Inspector;66
1991;Destiny;Service Supervisor;38
1023;Destiny;Investment  Advisor;24
783;Destiny;Treasurer;68
1634;Diane;Operator;56
1336;Diane;Baker;47
14;Diane;Bellman;65
1796;Domenic;Chef Manager;29
1787;Domenic;Accountant;15
1763;Domenic;Auditor;33
1726;Domenic;Steward;56
1649;Domenic;Ambulatory Nurse;11
1540;Domenic;Business Broker;51
1124;Domenic;Lecturer;68
1118;Domenic;CNC Operator;67
942;Domenic;Banker;64
715;Domenic;Restaurant Manager;23
646;Domenic;Chef Manager;14
582;Domenic;Paramedic;61
322;Domenic;Inspector;11
1339;Doris;Assistant Buyer;50
511;Doris;Fabricator;68
5;Dorothy;Software Engineer;27
1158;Doug;Software Engineer;63
560;Doug;Investment  Advisor;15
516;Doug;Pharmacist;67
254;Doug;Machine Operator;56
233;Doug;Bellman;65
729;Drew;Fabricator;61
491;Drew;Associate Professor;41
1976;Eden;Designer;20
845;Eden;Mobile Developer;12
1977;Eduardo;Production Painter;41
1918;Eduardo;Insurance Broker;54
1871;Eduardo;Call Center Representative;47
1562;Eduardo;Treasurer;40
1298;Eduardo;Banker;28
1095;Eduardo;Mobile Developer;21
956;Eduardo;Chef Manager;62
740;Eduardo;Retail Trainee;55
417;Eduardo;Global Logistics Supervisor;24
278;Eduardo;Machine Operator;55
1443;Eileen;Chef Manager;60
865;Eileen;Associate Professor;31
763;Eileen;Associate Professor;37
1743;Elena;Lecturer;37
1416;Elena;Production Painter;26
501;Elena;HR Specialist;47
456;Elena;Chef Manager;62
234;Elena;Cook;62
1896;Elijah;Biologist;11
1341;Elijah;Inspector;29
1310;Elijah;Laboratory Technician;43
1146;Elijah;Design Engineer;16
1008;Elijah;Service Supervisor;28
738;Elijah;Physician;23
382;Elijah;Associate Professor;43
250;Elijah;Design Engineer;47
277;Elise;Physician;49
1577;Elle;Audiologist;15
1354;Elle;Clerk;52
1052;Elle;Associate Professor;30
822;Elle;Auditor;11
164;Elle;Designer;60
1216;Ellen;Front Desk Coordinator;21
1224;Elly;Budget Analyst;26
695;Elly;Laboratory Technician;34
422;Elly;HR Coordinator;69
376;Elly;Retail Trainee;37
220;Elly;Auditor;14
1361;Ema;Assistant Buyer;68
1701;Ember;Chef Manager;16
1441;Ember;Dentist;39
523;Ember;Mobile Developer;18
1622;Emely;Insurance Broker;33
1027;Emerald;CNC Operator;20
779;Emerald;Bookkeeper;19
706;Emerald;Design Engineer;41
147;Emery;Biologist;60
2000;Emma;Auditor;58
1916;Emma;Physician;33
1468;Emma;HR Coordinator;24
946;Emma;Health Educator;28
24;Emma;Cook;14
1705;Emmanuelle;Systems Administrator;62
1246;Emmanuelle;Restaurant Manager;67
1149;Emmanuelle;IT Support Staff;38
392;Emmanuelle;Doctor;58
269;Emmanuelle;Treasurer;24
208;Emmanuelle;Laboratory Technician;12
1644;Enoch;Electrician;25
1326;Enoch;Doctor;33
1324;Enoch;CNC Operator;47
1204;Enoch;Bookkeeper;59
1190;Enoch;Laboratory Technician;61
993;Enoch;Ambulatory Nurse;61
983;Enoch;Front Desk Coordinator;26
282;Enoch;Baker;25
1825;Erick;Call Center Representative;17
1434;Erick;Associate Professor;65
1349;Erick;Mobile Developer;33
1283;Erick;Executive Director;21
1172;Erick;Baker;24
1112;Erick;Laboratory Technician;35
375;Erick;Ambulatory Nurse;44
655;Erin;Global Logistics Supervisor;49
648;Eryn;Investment  Advisor;13
1494;Esmeralda;Webmaster;41
1265;Esmeralda;Machine Operator;50
509;Esmeralda;Electrician;14
1815;Ethan;CNC Operator;57
1421;Ethan;Doctor;17
1134;Ethan;Fabricator;13
855;Ethan;Chef Manager;37
832;Ethan;Cash Manager;50
109;Ethan;Steward;60
1877;Eve;CNC Operator;38
1033;Evelynn;Systems Administrator;21
1880;Evie;Cook;31
1949;Faith;Mobile Developer;26
1522;Faith;Healthcare Specialist;38
1106;Faith;Production Painter;34
545;Faith;Stockbroker;63
662;Felicity;Software Engineer;16
550;Felicity;Ambulatory Nurse;15
444;Felicity;Banker;12
619;Fiona;Paramedic;18
536;Fiona;Inspector;24
80;Fiona;Bookkeeper;44
26;Fiona;Assistant Buyer;30
1866;Florence;Fabricator;39
1202;Florence;Stockbroker;49
905;Florence;Project Manager;39
891;Florence;Webmaster;54
1536;Francesca;Dentist;47
1688;Fred;Pharmacist;44
1259;Fred;Restaurant Manager;51
1123;Fred;Designer;51
528;Fred;Systems Administrator;64
485;Fred;Webmaster;39
96;Fred;Project Manager;69
73;Fred;Associate Professor;25
530;Freya;Banker;42
489;Freya;Healthcare Specialist;53
446;Freya;Software Engineer;30
419;Freya;Production Painter;33
64;Freya;Production Painter;57
1744;Gabriel;Chef Manager;33
1697;Gabriel;Food Technologist;46
1234;Gabriel;Operator;69
963;Gabriel;CNC Operator;44
863;Gabriel;Design Engineer;20
810;Gabriel;Healthcare Specialist;69
759;Gabriel;Physician;24
918;Gemma;Health Educator;64
513;Gemma;IT Support Staff;29
1722;George;Lecturer;57
934;George;Systems Administrator;43
866;George;Paramedic;25
816;George;Auditor;23
698;George;Accountant;36
363;George;Biologist;52
186;George;Bellman;34
1958;Gil;Electrician;28
1535;Gil;Global Logistics Supervisor;13
1533;Gil;Biologist;55
1527;Gil;Web Developer;62
1493;Gil;Staffing Consultant;55
1129;Gil;Project Manager;58
1121;Gil;HR Specialist;29
585;Gil;Assistant Buyer;18
518;Gil;HR Coordinator;63
235;Gil;Treasurer;37
1824;Gina;Systems Administrator;55
1477;Gina;CNC Operator;20
1257;Gladys;Cashier;11
311;Gladys;Executive Director;16
1042;Gloria;HR Specialist;31
288;Gloria;Dentist;38
229;Gloria;Cash Manager;43
1692;Goldie;Bellman;46
644;Goldie;Physician;45
332;Goldie;HR Specialist;45
121;Goldie;Laboratory Technician;43
1915;Grace;Banker;66
1075;Grace;Loan Officer;14
737;Grace;IT Support Staff;54
309;Grace;Fabricator;33
1364;Greta;Software Engineer;36
898;Greta;Physician;11
741;Gwen;Web Developer;56
531;Gwen;Software Engineer;13
361;Gwen;Ambulatory Nurse;26
634;Gwenyth;Ambulatory Nurse;50
445;Gwenyth;Cash Manager;13
1438;Hadley;Systems Administrator;42
1314;Hadley;Call Center Representative;45
617;Hadley;Production Painter;62
700;Hailey;Food Technologist;19
224;Hailey;Call Center Representative;17
1857;Hank;Machine Operator;26
1459;Hank;Baker;55
487;Hank;Budget Analyst;17
1584;Hanna;Insurance Broker;56
1547;Hanna;Biologist;39
1337;Hanna;Banker;49
679;Hanna;Restaurant Manager;40
577;Hanna;Electrician;49
853;Hannah;Webmaster;29
776;Hannah;Business Broker;64
385;Hannah;HR Specialist;51
69;Hannah;Machine Operator;28
17;Hannah;Operator;10
1707;Harmony;Design Engineer;35
1675;Harmony;HR Coordinator;23
281;Harmony;Health Educator;10
593;Harriet;Chef Manager;69
1979;Harry;Mobile Developer;43
1953;Harry;Web Developer;13
1811;Harry;Retail Trainee;56
1702;Harry;Global Logistics Supervisor;29
1667;Harry;Lecturer;20
1395;Harry;Cook;55
1249;Harry;Front Desk Coordinator;64
1145;Harry;Chef Manager;37
1061;Harry;Restaurant Manager;35
736;Harry;HR Specialist;34
604;Harry;Stockbroker;42
565;Harry;Health Educator;54
40;Harry;Webmaster;49
1995;Harvey;IT Support Staff;54
1812;Harvey;Associate Professor;54
1750;Harvey;Assistant Buyer;25
1662;Harvey;Production Painter;51
1519;Harvey;Machine Operator;54
1500;Harvey;Operator;61
1382;Harvey;Auditor;50
1357;Harvey;Business Broker;32
1284;Harvey;Software Engineer;60
857;Harvey;Healthcare Specialist;65
743;Harvey;Cashier;45
693;Harvey;Laboratory Technician;41
591;Harvey;Paramedic;14
19;Harvey;Designer;37
1567;Havana;Machine Operator;27
1505;Havana;Laboratory Technician;52
1955;Hayden;Assistant Buyer;53
1892;Hayden;Dentist;20
1774;Hayden;Fabricator;11
1766;Hayden;Business Broker;47
1738;Hayden;Physician;44
1568;Hayden;Stockbroker;34
1532;Hayden;Operator;48
1465;Hayden;Webmaster;48
1446;Hayden;Budget Analyst;31
1415;Hayden;Steward;32
1318;Hayden;Cash Manager;57
1225;Hayden;Auditor;30
1006;Hayden;Budget Analyst;35
416;Hayden;Banker;44
252;Hayden;Baker;66
188;Hayden;Web Developer;13
55;Hayden;Doctor;54
1944;Hazel;Design Engineer;56
1935;Hazel;Stockbroker;68
1862;Hazel;Biologist;57
922;Hazel;Auditor;35
151;Hazel;Food Technologist;58
1854;Helen;Baker;36
1819;Helen;Systems Administrator;69
1390;Helen;Loan Officer;27
1930;Henry;Health Educator;69
1739;Henry;Service Supervisor;18
1685;Henry;Retail Trainee;31
1596;Henry;CNC Operator;39
1435;Henry;Operator;11
1197;Henry;Dentist;49
635;Henry;Doctor;68
12;Henry;Associate Professor;17
954;Holly;Service Supervisor;52
708;Holly;Cash Manager;32
280;Holly;Paramedic;63
1836;Hope;Machine Operator;25
1495;Hope;Treasurer;17
204;Hope;Clerk;62
512;Ilona;Bookkeeper;64
384;Ilona;Healthcare Specialist;15
200;Ilona;IT Support Staff;66
1981;Irene;Business Broker;34
1245;Irene;Accountant;29
1044;Irene;Systems Administrator;51
453;Irene;Health Educator;16
306;Irene;Operator;17
874;Iris;Investment  Advisor;11
1765;Isabel;Service Supervisor;13
1467;Isabel;Biologist;66
842;Isabel;Front Desk Coordinator;53
1863;Isabella;Steward;63
1721;Isabella;Stockbroker;11
1648;Isabella;Accountant;17
1560;Isabella;Clerk;34
1029;Isabella;Webmaster;21
928;Isabella;Audiologist;15
883;Isabella;Webmaster;53
552;Isabella;Chef Manager;55
378;Isabella;Auditor;37
1978;Isla;Retail Trainee;60
1384;Isla;Global Logistics Supervisor;16
707;Isla;Production Painter;64
1194;Ivette;Call Center Representative;13
846;Ivette;Treasurer;38
90;Ivette;Bookkeeper;67
1218;Ivy;Project Manager;63
563;Ivy;Fabricator;12
1905;Jack;Audiologist;57
1881;Jack;Project Manager;18
1837;Jack;Front Desk Coordinator;49
1676;Jack;Loan Officer;29
1162;Jack;HR Specialist;49
1041;Jack;Physician;30
901;Jack;Project Manager;48
442;Jack;Baker;26
430;Jack;Webmaster;10
342;Jack;Global Logistics Supervisor;50
139;Jack;Business Broker;29
133;Jack;Front Desk Coordinator;62
830;Jackeline;Audiologist;20
1931;Jacob;HR Coordinator;48
1904;Jacob;Electrician;28
1894;Jacob;Accountant;69
1512;Jacob;Physician;65
1498;Jacob;Cash Manager;32
1073;Jacob;Associate Professor;64
813;Jacob;Audiologist;46
56;Jacob;Biologist;62
1731;Jacqueline;Design Engineer;52
1487;Jacqueline;Designer;46
768;Jacqueline;Ambulatory Nurse;57
459;Jacqueline;Treasurer;46
380;Jacqueline;Call Center Representative;69
42;Jacqueline;Food Technologist;69
1677;Jade;Staffing Consultant;62
902;Jamie;Steward;62
772;Jane;Cashier;51
711;Jane;Global Logistics Supervisor;69
199;Jane;Audiologist;27
1529;Janelle;Laboratory Technician;30
1240;Janelle;Mobile Developer;18
1176;Janelle;CNC Operator;41
968;Janelle;HR Coordinator;48
398;Janelle;Chef Manager;47
953;Janice;Accountant;63
405;Janice;Machine Operator;68
159;Janice;CNC Operator;47
1740;Jasmine;Biologist;57
1657;Jasmine;Bellman;10
389;Jasmine;Call Center Representative;25
324;Jasmine;Clerk;15
1973;Javier;Associate Professor;42
1404;Javier;Executive Director;50
939;Javier;Dentist;29
184;Javier;Service Supervisor;26
127;Javier;Executive Director;32
37;Javier;Banker;26
1668;Jayden;Cashier;36
1109;Jayden;Associate Professor;63
596;Jayden;Web Developer;63
357;Jayden;Systems Administrator;12
302;Jayden;Dentist;14
1516;Jaylene;Physician;24
1289;Jaylene;Executive Director;53
1101;Jaylene;Machine Operator;26
1024;Jaylene;Mobile Developer;22
925;Jaylene;Web Developer;64
13;Jaylene;Doctor;14
1561;Jazmin;Bellman;63
1947;Jenna;Electrician;53
190;Jenna;Electrician;28
178;Jenna;Dentist;25
1728;Jennifer;Investment  Advisor;41
1724;Jennifer;Associate Professor;67
210;Jennifer;Staffing Consultant;41
1997;Jessica;Design Engineer;19
1700;Jessica;Associate Professor;68
817;Jessica;Fabricator;23
699;Jessica;Audiologist;52
303;Jessica;Electrician;19
285;Jessica;Audiologist;58
1483;Jocelyn;CNC Operator;39
1148;Jocelyn;Banker;35
765;Jocelyn;Service Supervisor;23
578;Jocelyn;Inspector;13
95;Jocelyn;Health Educator;37
1952;John;Software Engineer;63
1934;John;HR Coordinator;12
1797;John;Webmaster;64
1603;John;Cashier;18
1573;John;Ambulatory Nurse;58
1396;John;Bellman;49
1308;John;Biologist;68
995;John;Webmaster;12
986;John;Audiologist;18
804;John;Electrician;52
792;John;Software Engineer;37
788;John;Production Painter;14
319;John;Investment  Advisor;10
1912;Johnathan;Stockbroker;27
1762;Johnathan;Cash Manager;56
1654;Johnathan;Systems Administrator;49
1325;Johnathan;Business Broker;36
1186;Johnathan;Banker;56
900;Johnathan;IT Support Staff;18
702;Johnathan;Design Engineer;53
622;Johnathan;Budget Analyst;52
581;Johnathan;Bookkeeper;67
136;Johnathan;Staffing Consultant;39
1804;Johnny;IT Support Staff;68
1780;Johnny;Webmaster;48
1734;Johnny;Executive Director;16
1559;Johnny;Designer;24
1368;Johnny;Machine Operator;17
1340;Johnny;Stockbroker;40
851;Johnny;Business Broker;64
606;Johnny;Restaurant Manager;55
475;Johnny;Clerk;44
104;Johnny;Software Engineer;40
91;Johnny;Cash Manager;60
766;Jolene;Chef Manager;17
330;Jolene;Physician;54
1923;Joseph;Bellman;44
1908;Joseph;Stockbroker;27
1720;Joseph;Food Technologist;31
1470;Joseph;Bookkeeper;33
1389;Joseph;Operator;59
1323;Joseph;Cashier;35
1317;Joseph;Bellman;49
949;Joseph;Machine Operator;51
504;Joseph;Fabricator;66
53;Joseph;Clerk;47
1694;Josephine;Assistant Buyer;49
323;Josephine;Restaurant Manager;16
1967;Josh;Web Developer;15
1703;Josh;IT Support Staff;38
1545;Josh;Insurance Broker;49
1371;Josh;Fabricator;43
1244;Josh;Auditor;49
1081;Josh;Fabricator;18
748;Josh;Insurance Broker;47
393;Josh;Health Educator;66
228;Josh;Mobile Developer;44
49;Josh;Accountant;37
940;Joy;Chef Manager;17
864;Joy;Budget Analyst;41
137;Joy;Chef Manager;29
1651;Joyce;Fabricator;52
1007;Joyce;Mobile Developer;47
904;Joyce;Budget Analyst;18
696;Joyce;Design Engineer;10
155;Joyce;Mobile Developer;16
105;Joyce;Cash Manager;22
23;Joyce;Operator;56
1255;Judith;Cook;69
840;Judith;Fabricator;44
609;Judith;Associate Professor;22
576;Judith;Budget Analyst;16
1588;Jules;Webmaster;66
989;Jules;Webmaster;24
1872;Julia;Business Broker;60
1475;Julia;Clerk;62
1304;Julia;Clerk;59
1083;Julia;Staffing Consultant;33
222;Julia;Healthcare Specialist;41
1975;Julian;Ambulatory Nurse;20
1850;Julian;Front Desk Coordinator;54
1592;Julian;Associate Professor;36
1550;Julian;IT Support Staff;36
1407;Julian;Cashier;51
1163;Julian;Cash Manager;61
1049;Julian;Steward;48
1036;Julian;HR Coordinator;29
943;Julian;Fabricator;17
197;Julian;Business Broker;51
1741;Juliet;Business Broker;20
1436;Juliet;Global Logistics Supervisor;53
1321;Juliet;Health Educator;51
1215;Juliet;Auditor;25
725;Juliet;Staffing Consultant;15
185;Juliet;Restaurant Manager;23
61;Juliet;Business Broker;47
1632;Juliette;Food Technologist;27
1080;Juliette;Inspector;19
340;Juliette;Webmaster;19
1988;Julius;Assistant Buyer;12
1921;Julius;Healthcare Specialist;33
1409;Julius;HR Coordinator;33
1292;Julius;Machine Operator;54
1105;Julius;Banker;15
1035;Julius;Mobile Developer;50
849;Julius;Budget Analyst;57
799;Julius;Dentist;49
283;Julius;Auditor;11
75;Julius;Retail Trainee;52
1574;Kamila;Ambulatory Nurse;18
710;Kamila;Steward;18
493;Kamila;Systems Administrator;14
1496;Karen;Auditor;20
860;Karen;Cash Manager;63
680;Karen;Systems Administrator;30
102;Karen;Electrician;41
483;Karla;Bookkeeper;43
876;Kassandra;Paramedic;43
226;Kassandra;Lecturer;24
1054;Kate;Staffing Consultant;30
275;Kate;Dentist;25
1620;Kaylee;Ambulatory Nurse;60
457;Kaylee;Fabricator;65
168;Kaylee;Assistant Buyer;48
1870;Keira;Retail Trainee;48
1827;Keira;HR Specialist;26
1764;Keira;Auditor;13
1270;Keira;Business Broker;28
572;Keira;Electrician;31
1457;Kendra;Loan Officer;41
1742;Kenzie;Cook;14
1956;Kieth;Global Logistics Supervisor;64
1809;Kieth;Bellman;31
1690;Kieth;Inspector;57
1564;Kieth;Accountant;64
1376;Kieth;Healthcare Specialist;64
1258;Kieth;Machine Operator;34
1191;Kieth;Food Technologist;50
884;Kieth;Staffing Consultant;57
599;Kieth;Cashier;15
400;Kieth;Cash Manager;52
325;Kieth;CNC Operator;17
286;Kieth;Chef Manager;31
70;Kieth;Project Manager;61
1518;Kimberly;Treasurer;20
479;Kimberly;Laboratory Technician;46
1104;Kirsten;Healthcare Specialist;68
166;Kirsten;Restaurant Manager;32
1962;Kurt;Software Engineer;54
1799;Kurt;HR Coordinator;12
1693;Kurt;Executive Director;37
1624;Kurt;Production Painter;36
1528;Kurt;Staffing Consultant;14
1297;Kurt;Systems Administrator;10
877;Kurt;Cash Manager;56
838;Kurt;Pharmacist;16
703;Kurt;Auditor;21
223;Kurt;Laboratory Technician;62
86;Kurt;Designer;17
1629;Laila;Audiologist;55
589;Laila;Laboratory Technician;36
441;Laila;Physician;47
1920;Lana;Pharmacist;63
1883;Lana;Budget Analyst;24
1159;Lana;Ambulatory Nurse;26
308;Lana;Laboratory Technician;45
32;Lana;Biologist;12
1473;Lara;Healthcare Specialist;21
1980;Lauren;Food Technologist;40
1846;Lauren;Retail Trainee;53
629;Lauren;Loan Officer;18
1155;Leah;Cook;58
913;Leah;HR Coordinator;37
129;Leanne;Staffing Consultant;36
1865;Leilani;Clerk;14
1565;Leilani;IT Support Staff;62
1154;Leilani;Accountant;53
960;Leilani;Operator;46
182;Leilani;Audiologist;38
170;Leilani;Fabricator;14
1948;Leroy;Operator;40
1853;Leroy;Health Educator;45
1776;Leroy;Staffing Consultant;19
1771;Leroy;Bookkeeper;56
1713;Leroy;Insurance Broker;15
1450;Leroy;Banker;51
1227;Leroy;Mobile Developer;20
1189;Leroy;Accountant;50
1135;Leroy;CNC Operator;34
893;Leroy;Staffing Consultant;51
841;Leroy;Call Center Representative;23
350;Leroy;Paramedic;21
241;Leroy;Electrician;20
77;Leroy;Loan Officer;33
372;Leslie;Treasurer;10
1586;Lexi;Electrician;24
120;Lexi;Pharmacist;65
966;Liam;CNC Operator;36
752;Liam;Physician;60
724;Liam;Pharmacist;54
598;Liam;Food Technologist;30
548;Liam;Cash Manager;67
497;Liam;Staffing Consultant;43
236;Liam;Baker;22
437;Liliana;Software Engineer;43
421;Liliana;Inspector;39
1878;Lillian;Project Manager;58
1736;Lillian;Food Technologist;49
1030;Lillian;Clerk;62
48;Lillian;Healthcare Specialist;45
1959;Lily;Designer;40
1898;Lily;Bookkeeper;19
1394;Lily;HR Specialist;15
1059;Lily;Staffing Consultant;57
745;Lily;Budget Analyst;28
128;Lily;Bookkeeper;12
1383;Lindsay;Front Desk Coordinator;58
156;Lindsay;Steward;43
1543;Liv;Webmaster;60
835;Liv;Healthcare Specialist;41
645;Liv;Stockbroker;21
312;Liv;Bookkeeper;17
216;Liv;Auditor;32
1830;Livia;Accountant;14
304;Livia;Design Engineer;21
1770;Logan;Doctor;33
771;Logan;Business Broker;36
584;Logan;Accountant;12
992;Lorraine;Banker;26
843;Louise;Production Painter;18
176;Louise;Bookkeeper;66
1874;Lucas;Dentist;12
1630;Lucas;Accountant;26
1242;Lucas;Stockbroker;37
1182;Lucas;Clerk;44
1015;Lucas;Global Logistics Supervisor;62
897;Lucas;Treasurer;38
878;Lucas;Biologist;23
773;Lucas;Doctor;10
621;Lucas;Production Painter;56
331;Lucas;Chef Manager;51
1784;Lucy;Business Broker;48
1449;Lucy;Cash Manager;56
1039;Lucy;Call Center Representative;44
888;Lucy;Designer;16
468;Lucy;Service Supervisor;20
111;Lucy;Web Developer;65
1463;Luke;Cash Manager;15
1184;Luke;Electrician;15
1099;Luke;Cash Manager;46
658;Luke;Inspector;57
387;Luke;Designer;21
321;Luke;Mobile Developer;58
279;Luke;Inspector;55
274;Luke;Service Supervisor;17
36;Luke;Insurance Broker;15
1710;Luna;Business Broker;39
1285;Luna;Laboratory Technician;56
1492;Lynn;Budget Analyst;17
1448;Lynn;Restaurant Manager;28
1275;Lynn;Associate Professor;27
912;Lynn;Biologist;21
625;Lynn;Investment  Advisor;21
1515;Mabel;Health Educator;56
1116;Mabel;Chef Manager;36
892;Mabel;Business Broker;67
338;Mackenzie;Front Desk Coordinator;17
1329;Macy;Production Painter;54
366;Macy;Associate Professor;45
1792;Maddison;Web Developer;15
1256;Maddison;Baker;26
88;Maddison;Investment  Advisor;30
1933;Madelyn;Call Center Representative;69
669;Madelyn;Software Engineer;37
1852;Madison;Call Center Representative;48
917;Madison;Pharmacist;29
1392;Maggie;Front Desk Coordinator;69
1160;Maggie;Service Supervisor;51
1794;Maia;Accountant;65
1604;Maia;Loan Officer;64
1171;Maia;Call Center Representative;37
965;Maia;Restaurant Manager;69
1876;Makena;Inspector;43
1684;Makena;Cash Manager;31
1345;Makena;Global Logistics Supervisor;60
1220;Makena;Baker;28
1211;Makena;Pharmacist;59
427;Makena;Global Logistics Supervisor;64
1687;Makenzie;Call Center Representative;69
396;Makenzie;Fabricator;29
1867;Mandy;Healthcare Specialist;22
1534;Mandy;Design Engineer;16
1403;Mandy;Insurance Broker;63
751;Mandy;Mobile Developer;64
1777;Manuel;Ambulatory Nurse;64
1642;Manuel;Treasurer;31
1609;Manuel;Physician;18
1305;Manuel;Pharmacist;47
1260;Manuel;Physician;39
1140;Manuel;Cook;14
895;Manuel;Doctor;31
872;Manuel;Steward;13
764;Manuel;Retail Trainee;13
656;Manuel;Dentist;68
359;Manuel;Doctor;67
140;Manuel;HR Coordinator;22
34;Manuel;Banker;19
1716;Mara;Pharmacist;61
1115;Mara;Bookkeeper;22
1113;Mara;Inspector;28
424;Mara;Loan Officer;41
205;Mara;HR Coordinator;23
1250;Margaret;Production Painter;46
1002;Margaret;Retail Trainee;12
81;Margaret;Design Engineer;45
1231;Margot;Executive Director;30
1161;Margot;Service Supervisor;58
484;Margot;Global Logistics Supervisor;35
1332;Maria;Inspector;67
349;Maria;Machine Operator;40
1749;Maribel;Operator;33
1478;Maribel;Webmaster;54
611;Maribel;Stockbroker;42
575;Maribel;Stockbroker;18
1300;Marie;Stockbroker;41
263;Marie;Machine Operator;18
1679;Marigold;Restaurant Manager;16
594;Marigold;Global Logistics Supervisor;69
1861;Marilyn;Lecturer;21
290;Marilyn;HR Specialist;59
1782;Marina;Staffing Consultant;17
1597;Marina;Operator;53
1398;Marina;Biologist;49
1097;Marina;Baker;63
196;Marina;IT Support Staff;57
193;Marina;Budget Analyst;24
371;Marissa;Front Desk Coordinator;52
1608;Marjorie;Staffing Consultant;48
612;Marjorie;Call Center Representative;39
1895;Mark;Physician;12
1751;Mark;Biologist;66
1661;Mark;Web Developer;69
1442;Mark;Inspector;26
1346;Mark;Systems Administrator;26
1342;Mark;HR Coordinator;26
1107;Mark;Staffing Consultant;18
926;Mark;Treasurer;35
661;Mark;Cook;49
570;Mark;Banker;37
272;Mark;Software Engineer;28
85;Mark;Clerk;33
1214;Marla;Project Manager;35
1539;Martha;Cashier;23
1226;Martha;Front Desk Coordinator;61
1212;Martha;Project Manager;22
871;Martha;Assistant Buyer;30
1886;Martin;Operator;54
1754;Martin;Cashier;36
1682;Martin;Clerk;43
1369;Martin;Production Painter;30
967;Martin;Ambulatory Nurse;43
931;Martin;Cash Manager;27
916;Martin;Business Broker;67
815;Martin;Laboratory Technician;26
713;Martin;Inspector;57
555;Martin;Fabricator;53
402;Martin;Paramedic;21
149;Martin;Stockbroker;36
1945;Marvin;Chef Manager;21
1851;Marvin;Cook;48
1683;Marvin;Production Painter;45
1627;Marvin;HR Coordinator;16
1291;Marvin;Physician;66
1178;Marvin;Production Painter;44
1139;Marvin;Bellman;65
1045;Marvin;Inspector;18
603;Marvin;Staffing Consultant;38
542;Marvin;Doctor;23
510;Marvin;Physician;22
341;Marvin;Electrician;27
267;Marvin;Clerk;52
11;Marvin;Executive Director;64
618;Mary;Doctor;26
370;Mary;Doctor;34
4;Mary;Bellman;29
1984;Mason;Cook;42
1821;Mason;Design Engineer;36
1723;Mason;Executive Director;55
1523;Mason;Call Center Representative;66
1372;Mason;Retail Trainee;22
1313;Mason;Insurance Broker;63
1082;Mason;Staffing Consultant;40
990;Mason;Global Logistics Supervisor;58
672;Mason;Operator;61
600;Mason;Global Logistics Supervisor;12
564;Mason;Design Engineer;37
183;Mason;Bookkeeper;68
179;Mason;Designer;23
1849;Matt;Accountant;68
1781;Matt;Auditor;69
1752;Matt;Loan Officer;26
1582;Matt;HR Specialist;14
1572;Matt;Accountant;35
1198;Matt;Restaurant Manager;39
972;Matt;Call Center Representative;31
638;Matt;Mobile Developer;68
586;Matt;Global Logistics Supervisor;21
534;Matt;Fabricator;58
481;Matt;Electrician;11
463;Matt;Front Desk Coordinator;33
258;Matt;Audiologist;22
1954;Matthew;Paramedic;65
1663;Matthew;Front Desk Coordinator;16
587;Matthew;Webmaster;46
532;Matthew;Business Broker;13
507;Matthew;Chef Manager;33
367;Matthew;Paramedic;43
327;Matthew;Global Logistics Supervisor;31
1268;Mavis;Systems Administrator;27
1239;Mavis;Banker;31
675;Mavis;Call Center Representative;16
1424;Maxwell;Banker;51
1247;Maxwell;Laboratory Technician;54
1012;Maxwell;Banker;48
785;Maxwell;Paramedic;46
356;Maxwell;Auditor;42
289;Maxwell;Insurance Broker;40
1499;Maya;HR Specialist;18
1142;Maya;Assistant Buyer;10
538;Maya;CNC Operator;55
1610;Mayleen;Cash Manager;30
266;Mayleen;HR Coordinator;19
181;Mayleen;Call Center Representative;12
1602;Megan;CNC Operator;47
1428;Megan;Health Educator;11
1103;Megan;Accountant;67
718;Megan;Chef Manager;13
1094;Melania;Inspector;42
1053;Melania;Lecturer;26
408;Melania;Audiologist;20
211;Melania;Chef Manager;10
882;Melanie;Paramedic;66
747;Melanie;Cashier;32
426;Melanie;Fabricator;26
1790;Melinda;Mobile Developer;12
1233;Melinda;HR Coordinator;14
1151;Melinda;Loan Officer;32
522;Melinda;Associate Professor;11
1486;Melody;Treasurer;36
1356;Melody;Bookkeeper;22
869;Meredith;HR Coordinator;19
714;Meredith;Cash Manager;59
1842;Michael;Steward;23
1541;Michael;Service Supervisor;30
1469;Michael;Service Supervisor;43
1207;Michael;Machine Operator;60
899;Michael;Cash Manager;22
717;Michael;Front Desk Coordinator;61
697;Michael;Clerk;39
659;Michael;Food Technologist;31
651;Michael;Doctor;61
633;Michael;Global Logistics Supervisor;38
1767;Michaela;Health Educator;12
381;Michaela;Fabricator;47
212;Michaela;Retail Trainee;53
1524;Michelle;Treasurer;49
126;Michelle;Inspector;17
1961;Mike;Web Developer;28
1618;Mike;Project Manager;50
1386;Mike;Paramedic;64
1370;Mike;Health Educator;40
1274;Mike;Chef Manager;13
1003;Mike;Biologist;40
870;Mike;HR Specialist;51
734;Mike;Lecturer;29
482;Mike;Web Developer;14
231;Mike;Clerk;30
175;Mike;Auditor;68
1228;Miley;Staffing Consultant;30
909;Miley;Auditor;69
41;Miley;Project Manager;25
1714;Mina;Accountant;46
1466;Mina;Chef Manager;60
1272;Miriam;Cashier;51
848;Miriam;Cash Manager;57
537;Miriam;Auditor;69
103;Miriam;Steward;38
57;Miriam;Designer;19
1674;Moira;Treasurer;46
1347;Moira;Business Broker;41
1261;Moira;Paramedic;58
985;Moira;Design Engineer;22
753;Moira;Call Center Representative;58
294;Moira;Pharmacist;40
39;Moira;Physician;41
106;Molly;Designer;13
1760;Mona;Loan Officer;17
474;Mona;Service Supervisor;33
1832;Morgan;Ambulatory Nurse;65
83;Morgan;Machine Operator;44
1670;Mya;Call Center Representative;40
1391;Mya;Healthcare Specialist;34
730;Mya;Food Technologist;10
690;Nancy;Banker;39
92;Nancy;Mobile Developer;53
1481;Naomi;HR Coordinator;51
595;Naomi;Paramedic;33
1932;Natalie;Lecturer;14
1826;Natalie;Audiologist;24
628;Natalie;Cashier;65
1659;Nate;Loan Officer;40
1551;Nate;Call Center Representative;32
1295;Nate;Bookkeeper;49
1038;Nate;Investment  Advisor;17
858;Nate;Bellman;34
720;Nate;HR Coordinator;31
500;Nate;Lecturer;61
328;Nate;Call Center Representative;40
114;Nate;Loan Officer;68
46;Nate;Pharmacist;20
1987;Nathan;Design Engineer;52
1715;Nathan;Bookkeeper;56
1605;Nathan;Business Broker;69
1252;Nathan;Dentist;13
1085;Nathan;Auditor;10
952;Nathan;Machine Operator;38
806;Nathan;Electrician;15
782;Nathan;Loan Officer;39
654;Nathan;Staffing Consultant;60
616;Nathan;Web Developer;57
452;Nathan;Inspector;34
451;Nathan;Dentist;29
406;Nathan;Systems Administrator;50
374;Nathan;Auditor;34
94;Nathan;Electrician;18
1302;Nicholas;Health Educator;43
1241;Nicholas;Systems Administrator;34
1217;Nicholas;Project Manager;42
1199;Nicholas;Laboratory Technician;23
1017;Nicholas;Insurance Broker;12
886;Nicholas;Audiologist;31
859;Nicholas;Designer;57
789;Nicholas;HR Coordinator;18
414;Nicholas;Software Engineer;58
158;Nicholas;Systems Administrator;63
1994;Nick;Assistant Buyer;50
1899;Nick;Call Center Representative;44
1517;Nick;Cashier;66
1471;Nick;Dentist;64
1410;Nick;Budget Analyst;60
794;Nick;Paramedic;19
260;Nick;Front Desk Coordinator;54
189;Nick;Service Supervisor;40
160;Nicole;Production Painter;56
1817;Nina;HR Coordinator;13
1552;Noah;Physician;14
1497;Noah;Assistant Buyer;14
1209;Noah;Loan Officer;16
1021;Noah;Biologist;44
811;Noah;Stockbroker;12
754;Noah;Bookkeeper;47
727;Noah;Mobile Developer;48
631;Noah;Design Engineer;65
515;Noah;Baker;52
439;Noah;Banker;62
153;Noah;Design Engineer;57
87;Noah;Web Developer;29
1614;Noemi;Accountant;31
856;Noemi;Cashier;17
1906;Norah;Front Desk Coordinator;50
1747;Norah;Treasurer;65
1320;Norah;Call Center Representative;20
118;Norah;Inspector;18
1909;Oliver;Food Technologist;55
1746;Oliver;Baker;21
1427;Oliver;Paramedic;47
1229;Oliver;Insurance Broker;16
1128;Oliver;Retail Trainee;34
975;Oliver;Audiologist;40
938;Oliver;Webmaster;29
620;Oliver;Front Desk Coordinator;27
448;Oliver;Lecturer;59
99;Oliver;Designer;45
1772;Olivia;Loan Officer;33
1174;Olivia;Fabricator;62
1037;Owen;HR Coordinator;66
742;Owen;Fabricator;53
476;Owen;Systems Administrator;42
440;Owen;Production Painter;53
239;Owen;Investment  Advisor;55
93;Owen;HR Coordinator;31
364;Parker;Audiologist;53
1673;Paula;Loan Officer;50
961;Paula;Project Manager;20
833;Paula;Restaurant Manager;66
685;Paula;Global Logistics Supervisor;42
503;Paula;Clerk;57
352;Paula;Doctor;41
1789;Payton;Fabricator;26
1786;Payton;Dentist;11
1727;Payton;Cashier;20
187;Payton;Design Engineer;41
1928;Penelope;Mobile Developer;27
923;Penelope;Mobile Developer;58
671;Penelope;Project Manager;68
98;Penelope;Business Broker;32
1153;Penny;HR Specialist;40
460;Penny;Biologist;15
315;Penny;IT Support Staff;26
1887;Percy;Investment  Advisor;15
1823;Percy;Doctor;39
1315;Percy;Front Desk Coordinator;30
1205;Percy;Fabricator;11
1126;Percy;Bookkeeper;54
1114;Percy;Healthcare Specialist;41
1009;Percy;Paramedic;39
831;Percy;Pharmacist;23
814;Percy;Stockbroker;66
774;Percy;Chef Manager;35
549;Percy;Food Technologist;43
145;Percy;Insurance Broker;53
38;Percy;Pharmacist;27
1779;Peter;Restaurant Manager;53
1652;Peter;Inspector;13
1538;Peter;Global Logistics Supervisor;65
1408;Peter;Clerk;46
1119;Peter;Retail Trainee;50
761;Peter;Inspector;66
686;Peter;Cash Manager;69
1689;Peyton;Mobile Developer;56
339;Peyton;HR Specialist;20
251;Peyton;Cook;14
230;Peyton;Healthcare Specialist;20
1775;Phillip;Software Engineer;15
1711;Phillip;Dentist;69
1704;Phillip;Treasurer;55
1643;Phillip;Cook;34
1343;Phillip;Business Broker;28
1125;Phillip;Production Painter;67
979;Phillip;Healthcare Specialist;19
889;Phillip;Bellman;42
873;Phillip;Bookkeeper;31
834;Phillip;Cash Manager;21
639;Phillip;Budget Analyst;10
608;Phillip;Operator;27
432;Phillip;Loan Officer;43
348;Phillip;Designer;57
305;Phillip;Lecturer;46
113;Phillip;Cashier;21
1855;Phoebe;Designer;62
1838;Phoebe;Retail Trainee;65
1699;Phoebe;HR Specialist;11
1695;Phoebe;Cashier;28
1816;Piper;Budget Analyst;34
852;Piper;Staffing Consultant;24
663;Piper;IT Support Staff;27
296;Piper;Treasurer;67
117;Priscilla;Treasurer;60
1940;Quinn;Banker;33
1451;Quinn;HR Coordinator;29
1093;Quinn;Machine Operator;57
1175;Rachael;Fabricator;14
173;Rachael;Cash Manager;47
1974;Rae;Investment  Advisor;24
1829;Rae;Design Engineer;33
1756;Rae;Production Painter;20
590;Rae;CNC Operator;52
390;Rae;Laboratory Technician;39
1971;Ramon;Cash Manager;25
1712;Ramon;Global Logistics Supervisor;38
1621;Ramon;Loan Officer;13
1600;Ramon;Accountant;22
1060;Ramon;Laboratory Technician;35
978;Ramon;Executive Director;54
921;Ramon;Physician;47
836;Ramon;Inspector;39
723;Ramon;Inspector;68
135;Ramon;Service Supervisor;47
1286;Rebecca;Banker;24
1088;Rebecca;Restaurant Manager;45
566;Rebecca;Healthcare Specialist;61
368;Rebecca;Operator;33
256;Rebecca;Baker;57
247;Rebecca;Restaurant Manager;31
1501;Regina;Pharmacist;20
1018;Regina;IT Support Staff;69
678;Regina;Bellman;12
480;Regina;Associate Professor;23
218;Regina;Executive Director;19
1001;Remy;Stockbroker;57
43;Remy;Doctor;30
1964;Renee;Bookkeeper;11
1839;Renee;IT Support Staff;58
1537;Renee;Healthcare Specialist;29
800;Renee;Loan Officer;63
781;Renee;Mobile Developer;11
28;Renee;Food Technologist;50
1885;Rhea;Food Technologist;19
1868;Rhea;Associate Professor;27
1273;Rhea;Dentist;28
152;Rhea;Fabricator;57
1963;Rick;Lecturer;24
1733;Rick;Ambulatory Nurse;16
1655;Rick;Loan Officer;27
1569;Rick;Doctor;43
1444;Rick;Executive Director;59
1280;Rick;Biologist;65
1020;Rick;Pharmacist;61
674;Rick;Mobile Developer;45
467;Rick;Global Logistics Supervisor;59
395;Rick;Bellman;66
299;Rick;Machine Operator;47
242;Rick;Clerk;25
180;Rick;Loan Officer;36
116;Rick;Accountant;61
6;Rick;Insurance Broker;68
1757;Rihanna;Project Manager;13
1334;Rihanna;Stockbroker;67
1077;Rihanna;Laboratory Technician;15
1882;Rita;Cash Manager;41
1778;Rita;Global Logistics Supervisor;16
987;Rita;Pharmacist;25
1656;Robyn;Assistant Buyer;38
641;Robyn;Chef Manager;54
592;Robyn;Lecturer;60
225;Robyn;Stockbroker;55
1966;Rocco;HR Specialist;37
1598;Rocco;Clerk;60
1593;Rocco;Mobile Developer;26
919;Rocco;Designer;20
796;Rocco;Fabricator;61
767;Rocco;Investment  Advisor;31
676;Rocco;Assistant Buyer;21
244;Rocco;Physician;47
72;Rocco;Designer;58
1926;Roger;Auditor;61
1869;Roger;Physician;44
1841;Roger;Fabricator;10
1583;Roger;Service Supervisor;47
1566;Roger;Operator;16
1393;Roger;Ambulatory Nurse;47
1367;Roger;Restaurant Manager;52
790;Roger;Lecturer;21
691;Roger;Design Engineer;40
58;Roger;Design Engineer;37
1938;Ron;Staffing Consultant;65
1745;Ron;Cashier;69
1665;Ron;Baker;66
1617;Ron;Chef Manager;31
1414;Ron;Machine Operator;39
1355;Ron;Food Technologist;28
1047;Ron;Banker;38
969;Ron;Retail Trainee;23
868;Ron;Web Developer;42
828;Ron;Ambulatory Nurse;16
784;Ron;Health Educator;43
601;Ron;CNC Operator;61
172;Ron;Design Engineer;13
18;Ron;Doctor;18
9;Ron;Doctor;30
1993;Ronald;Insurance Broker;35
1237;Ronald;Audiologist;51
1147;Ronald;Pharmacist;43
998;Ronald;Assistant Buyer;15
684;Ronald;Biologist;30
362;Ronald;Baker;31
344;Ronald;Dentist;41
307;Ronald;Mobile Developer;57
1718;Rosa;Production Painter;53
652;Rosa;Bookkeeper;56
161;Rosa;Restaurant Manager;10
1425;Rosalee;Inspector;69
1366;Rosalee;Service Supervisor;61
1127;Rosalee;Doctor;17
935;Rosalie;HR Coordinator;31
466;Rosalie;Machine Operator;65
146;Rosalie;Global Logistics Supervisor;68
1650;Rosalyn;Pharmacist;23
1439;Rosalyn;Cashier;23
1400;Rosalyn;Banker;60
508;Rosalyn;Treasurer;58
1785;Rose;Stockbroker;25
1264;Rose;Design Engineer;14
825;Rose;HR Coordinator;45
207;Rose;Pharmacist;45
1262;Rosemary;Physician;51
1203;Rosemary;Front Desk Coordinator;48
428;Rosemary;Global Logistics Supervisor;40
1511;Rosie;Physician;37
1016;Rosie;CNC Operator;11
660;Rosie;Loan Officer;19
1616;Rowan;IT Support Staff;11
1282;Rowan;Designer;45
462;Rowan;Physician;41
907;Ruby;Web Developer;37
739;Ruby;Bookkeeper;52
1576;Rufus;Investment  Advisor;14
1293;Rufus;Physician;46
1223;Rufus;Design Engineer;65
980;Rufus;HR Coordinator;52
933;Rufus;Design Engineer;12
733;Rufus;Pharmacist;20
719;Rufus;Investment  Advisor;11
554;Rufus;Dentist;29
373;Rufus;Paramedic;48
1802;Russel;Production Painter;64
1152;Russel;Electrician;67
948;Russel;Budget Analyst;49
580;Russel;Food Technologist;48
167;Russel;Insurance Broker;56
144;Russel;Insurance Broker;22
122;Russel;Dentist;29
101;Russel;Restaurant Manager;64
1432;Ruth;Paramedic;60
1040;Ruth;Restaurant Manager;58
383;Ruth;Call Center Representative;10
1860;Ryan;Physician;15
1502;Ryan;Loan Officer;17
1379;Ryan;Retail Trainee;69
1070;Ryan;Ambulatory Nurse;24
988;Ryan;Webmaster;31
514;Ryan;Assistant Buyer;48
343;Ryan;Dentist;40
213;Ryan;Treasurer;17
44;Ryan;Budget Analyst;53
1521;Rylee;Health Educator;27
1067;Rylee;HR Specialist;61
1058;Rylee;Audiologist;36
885;Rylee;Cook;22
1585;Sabina;Bookkeeper;69
1571;Sabina;Audiologist;15
1102;Sabina;Bellman;14
786;Sabina;Operator;38
1847;Sabrina;Treasurer;18
1730;Sabrina;Loan Officer;50
1686;Sabrina;Laboratory Technician;18
1631;Sabrina;Stockbroker;49
76;Sabrina;Bellman;17
59;Sabrina;Webmaster;43
1277;Sadie;Machine Operator;15
692;Sadie;Investment  Advisor;17
259;Sadie;Front Desk Coordinator;16
1064;Sage;Pharmacist;17
271;Sage;Software Engineer;12
124;Sage;Budget Analyst;14
839;Samantha;Associate Professor;50
418;Samara;Baker;37
1937;Sara;Software Engineer;15
778;Sarah;Associate Professor;24
1181;Sasha;Dentist;21
1942;Scarlett;Assistant Buyer;48
1748;Scarlett;Pharmacist;33
1100;Scarlett;Retail Trainee;25
1010;Scarlett;Web Developer;48
1639;Sebastian;Auditor;67
1525;Sebastian;Insurance Broker;38
1309;Sebastian;Front Desk Coordinator;52
1071;Sebastian;Auditor;14
1046;Sebastian;Machine Operator;31
908;Sebastian;Paramedic;42
750;Sebastian;Retail Trainee;41
665;Sebastian;Service Supervisor;28
377;Sebastian;Insurance Broker;24
1653;Selena;Project Manager;40
492;Selena;Mobile Developer;35
227;Selena;Cash Manager;34
62;Selena;Systems Administrator;30
1678;Shannon;Doctor;61
1419;Shannon;Audiologist;39
1013;Shannon;Insurance Broker;58
722;Shannon;Doctor;27
875;Shay;Software Engineer;11
1137;Shelby;Webmaster;60
626;Shelby;Fabricator;41
1890;Skylar;Health Educator;41
347;Skylar;Executive Director;42
232;Skylar;CNC Operator;12
758;Sloane;Cashier;59
215;Sloane;Restaurant Manager;51
971;Sofia;Banker;38
1992;Sofie;Treasurer;41
632;Sofie;Inspector;42
1801;Sonya;Machine Operator;21
1611;Sonya;Web Developer;28
1385;Sonya;Audiologist;16
1338;Sonya;Cash Manager;42
1122;Sonya;Ambulatory Nurse;46
1900;Stacy;HR Coordinator;62
1806;Stacy;Business Broker;42
1360;Stacy;Restaurant Manager;31
1195;Stacy;Accountant;30
709;Stella;Treasurer;27
896;Stephanie;Project Manager;18
1893;Summer;Business Broker;48
1982;Susan;Design Engineer;12
1531;Susan;Webmaster;66
1363;Susan;CNC Operator;65
1090;Susan;Dentist;39
642;Susan;Budget Analyst;51
1316;Sydney;Web Developer;11
97;Sylvia;Software Engineer;19
1312;Tania;Chef Manager;62
1591;Tara;Paramedic;50
1429;Tara;Auditor;54
354;Tara;Web Developer;20
910;Taylor;Webmaster;23
666;Taylor;HR Coordinator;55
1098;Teagan;Insurance Broker;35
932;Teagan;Front Desk Coordinator;38
1888;Thea;Accountant;40
1251;Thea;Loan Officer;28
809;Thea;Food Technologist;14
605;Thea;Loan Officer;45
436;Thea;Cash Manager;34
1633;Tiffany;Paramedic;20
890;Tiffany;Software Engineer;69
1907;Tom;CNC Operator;13
1666;Tom;Electrician;65
1637;Tom;Software Engineer;39
1381;Tom;Staffing Consultant;30
1344;Tom;Front Desk Coordinator;20
1219;Tom;Bookkeeper;67
805;Tom;Cashier;58
755;Tom;Machine Operator;31
556;Tom;Design Engineer;55
423;Tom;Business Broker;53
191;Tom;Business Broker;32
51;Tom;Food Technologist;22
1563;Tony;Ambulatory Nurse;22
1514;Tony;Mobile Developer;39
964;Tony;Retail Trainee;44
712;Tony;Production Painter;33
1858;Tyler;HR Coordinator;50
1595;Tyler;Pharmacist;31
1544;Tyler;Project Manager;56
1168;Tyler;IT Support Staff;23
1043;Tyler;Business Broker;26
894;Tyler;IT Support Staff;51
823;Tyler;Design Engineer;36
496;Tyler;Insurance Broker;66
469;Tyler;Insurance Broker;52
295;Tyler;Fabricator;63
209;Tyler;Cashier;41
1983;Tyson;Cashier;14
1970;Tyson;Operator;17
1788;Tyson;Loan Officer;16
1706;Tyson;Global Logistics Supervisor;12
1462;Tyson;Web Developer;37
1208;Tyson;Front Desk Coordinator;12
951;Tyson;Business Broker;30
801;Tyson;Global Logistics Supervisor;17
670;Tyson;Laboratory Technician;19
630;Tyson;Biologist;45
623;Tyson;Electrician;15
297;Tyson;HR Coordinator;59
243;Tyson;Treasurer;48
165;Tyson;Global Logistics Supervisor;34
1187;Valentina;Cashier;65
1177;Valentina;Clerk;50
731;Valentina;Designer;53
627;Valerie;Clerk;40
562;Valerie;Bellman;43
721;Vanessa;Designer;20
335;Vanessa;Bellman;38
1793;Vera;Inspector;38
1647;Vera;Design Engineer;56
1484;Vicky;Clerk;49
1267;Vicky;Production Painter;68
246;Vicky;Mobile Developer;48
1891;Victoria;IT Support Staff;43
777;Victoria;Operator;66
732;Victoria;Webmaster;32
1828;Violet;Stockbroker;57
1377;Violet;Ambulatory Nurse;35
1031;Violet;Physician;24
597;Violet;Accountant;26
1411;Vivian;Investment  Advisor;16
906;Vivian;Food Technologist;16
820;Vivian;Associate Professor;14
1725;Wade;Insurance Broker;49
1660;Wade;Food Technologist;25
1165;Wade;Accountant;18
1028;Wade;Healthcare Specialist;46
355;Wade;Staffing Consultant;45
300;Wade;Accountant;20
195;Wade;Food Technologist;24
177;Wade;Chef Manager;57
1206;Wendy;Associate Professor;11
997;Wendy;Budget Analyst;14
927;Wendy;Production Painter;59
506;Wendy;Lecturer;16
1960;William;Associate Professor;57
1833;William;Inspector;26
1680;William;Call Center Representative;49
1335;William;Cashier;43
1287;William;Insurance Broker;52
688;William;Doctor;40
624;William;Restaurant Manager;29
134;William;Business Broker;50
16;William;Associate Professor;24
1641;Willow;Banker;49
1570;Willow;Loan Officer;68
1373;Willow;Design Engineer;64
1263;Willow;Insurance Broker;16
273;Willow;Associate Professor;48
1925;Winnie;Service Supervisor;56
1306;Winnie;Production Painter;59
473;Winnie;Call Center Representative;14
314;Winnie;Front Desk Coordinator;61
52;Winnie;Investment  Advisor;41
1840;Zara;Baker;58
827;Zara;Banker;65
240;Zara;Accountant;13
1965;Zoe;Machine Operator;49
1758;Zoe;Steward;53
1269;Zoe;Paramedic;22
