ID;nome;profissao;idade
3000;Oliver;Cash Manager;40
2999;Alex;Executive Director;26
2998;Ethan;Biologist;46
2997;Susan;Doctor;25
2996;Nicholas;Auditor;18
2995;Angelina;Physician;42
2994;Lillian;Dentist;21
2993;Julian;Loan Officer;12
2992;Julian;Systems Administrator;28
2991;Sara;Bookkeeper;22
2990;Nicholas;Biologist;22
2989;Chester;Physician;53
2988;Mara;Auditor;64
2987;Bree;Doctor;63
2986;Rick;Treasurer;57
2985;Ron;Bellman;24
2984;Jaylene;HR Coordinator;16
2983;Ember;Global Logistics Supervisor;21
2982;Benjamin;Retail Trainee;24
2981;Julian;Cook;52
2980;Ron;Software Engineer;15
2979;Dani;Stockbroker;60
2978;Lexi;Loan Officer;22
2977;Joseph;CNC Operator;23
2976;Colleen;Bellman;12
2975;Benjamin;Associate Professor;26
2974;Doris;Restaurant Manager;48
2973;Javier;Dentist;61
2972;Ellen;Operator;12
2971;Nancy;Machine Operator;60
2970;Phillip;Lecturer;31
2969;Danielle;Software Engineer;29
2968;Michelle;Physician;33
2967;Owen;Bookkeeper;43
2966;Russel;Cook;49
2965;Wade;Software Engineer;67
2964;Emmanuelle;Budget Analyst;54
2963;Emery;Restaurant Manager;33
2962;Sonya;Clerk;64
2961;Percy;Healthcare Specialist;28
2960;Manuel;Laboratory Technician;67
2959;Logan;Auditor;66
2958;Cherish;Front Desk Coordinator;51
2957;Johnathan;Service Supervisor;26
2956;Margot;Inspector;40
2955;Bob;Lecturer;55
2954;Kurt;Audiologist;43
2953;Tyson;Accountant;53
2952;Mason;Machine Operator;50
2951;Rocco;Global Logistics Supervisor;25
2950;Jack;Call Center Representative;69
2949;Kieth;Service Supervisor;33
2948;Leroy;Inspector;53
2947;Harvey;Systems Administrator;14
2946;Rocco;Business Broker;55
2945;Harry;Lecturer;55
2944;Matt;Mobile Developer;26
2943;Michael;Health Educator;43
2942;Wade;Designer;51
2941;Denny;Cashier;22
2940;Sofia;Budget Analyst;22
2939;Karla;Assistant Buyer;37
2938;Alison;Doctor;69
2937;William;Cook;40
2936;Vanessa;Call Center Representative;23
2935;Harmony;Web Developer;24
2934;Mona;Assistant Buyer;25
2933;Manuel;Treasurer;39
2932;Parker;Accountant;64
2931;Enoch;Treasurer;58
2930;Nick;Investment  Advisor;28
2929;Peter;Treasurer;61
2928;Nina;Assistant Buyer;46
2927;Winnie;Investment  Advisor;17
2926;Sage;Mobile Developer;30
2925;Doug;Software Engineer;22
2924;Oliver;Loan Officer;13
2923;Eduardo;Call Center Representative;48
2922;Matt;Front Desk Coordinator;53
2921;Thea;Production Painter;51
2920;Dasha;Call Center Representative;66
2919;Boris;Auditor;26
2918;Lana;Loan Officer;29
2917;Violet;Staffing Consultant;34
2916;Hazel;Restaurant Manager;23
2915;Abdul;Chef Manager;21
2914;Ramon;Software Engineer;19
2913;Luke;Bellman;55
2912;Jules;Mobile Developer;26
2911;Danielle;Web Developer;68
2910;Luke;Systems Administrator;56
2909;Leroy;Business Broker;31
2908;Kieth;Bookkeeper;23
2907;Carter;Investment  Advisor;33
2906;Owen;Pharmacist;53
2905;Adalind;Webmaster;33
2904;Judith;Systems Administrator;30
2903;Roger;Steward;22
2902;Percy;Stockbroker;25
2901;Abdul;Staffing Consultant;16
2900;Sylvia;Baker;43
2899;Madelyn;Insurance Broker;55
2898;Javier;Loan Officer;22
2897;Mark;HR Coordinator;34
2896;Emmanuelle;Cook;65
2895;Rhea;Stockbroker;64
2894;Jane;Insurance Broker;59
2893;Rick;Fabricator;32
2892;Mike;Pharmacist;17
2891;Daria;Doctor;33
2890;Melinda;Global Logistics Supervisor;64
2889;Ramon;Auditor;50
2888;Brad;Staffing Consultant;57
2887;Hayden;HR Coordinator;32
2886;Katelyn;Bookkeeper;13
2885;Hayden;Staffing Consultant;69
2884;Chuck;Operator;22
2883;Jacob;Steward;10
2882;Janelle;Investment  Advisor;24
2881;Chadwick;Fabricator;20
2880;Sadie;Operator;56
2879;Samantha;Stockbroker;60
2878;Mike;Treasurer;37
2877;Camila;Staffing Consultant;34
2876;Luke;Software Engineer;41
2875;Eileen;Insurance Broker;11
2874;Michael;Business Broker;53
2873;Marvin;Accountant;69
2872;Clint;Electrician;42
2871;Chadwick;Ambulatory Nurse;34
2870;Javier;Food Technologist;62
2869;Jayden;Business Broker;30
2868;Penelope;Food Technologist;31
2867;Mike;HR Coordinator;68
2866;Benjamin;Paramedic;29
2865;Barney;Production Painter;36
2864;Candace;Laboratory Technician;57
2863;Celia;Service Supervisor;26
2862;Tom;Ambulatory Nurse;68
2861;Kendra;Cash Manager;13
2860;Julius;Food Technologist;28
2859;Chuck;Loan Officer;67
2858;Bryon;Systems Administrator;32
2857;Matt;Design Engineer;11
2856;Jayden;Doctor;58
2855;Enoch;Lecturer;37
2854;Mackenzie;Pharmacist;14
2853;Henry;Restaurant Manager;28
2852;Luna;Call Center Representative;21
2851;Denis;HR Coordinator;35
2850;Darlene;Accountant;46
2849;Johnathan;Food Technologist;63
2848;Grace;Associate Professor;30
2847;Ronald;Cashier;67
2846;Chuck;Business Broker;36
2845;Jenna;Clerk;10
2844;Mara;Doctor;60
2843;Ally;Front Desk Coordinator;43
2842;Mike;Associate Professor;31
2841;Marilyn;Doctor;36
2840;Caleb;Investment  Advisor;61
2839;Cedrick;Loan Officer;60
2838;Norah;Business Broker;31
2837;Nicholas;Web Developer;50
2836;Quinn;Global Logistics Supervisor;57
2835;Peter;Budget Analyst;12
2834;Tyler;Treasurer;26
2833;Nancy;Front Desk Coordinator;58
2832;Julia;Call Center Representative;46
2831;Francesca;Cook;67
2830;Brad;Front Desk Coordinator;27
2829;Logan;Design Engineer;23
2828;Rocco;Lecturer;16
2827;Johnathan;Insurance Broker;38
2826;Michael;Physician;44
2825;Hayden;Designer;12
2824;Clarissa;Project Manager;19
2823;Chuck;Chef Manager;46
2822;Elly;Global Logistics Supervisor;18
2821;Denny;Project Manager;35
2820;Bart;Steward;13
2819;Darlene;Business Broker;69
2818;Mandy;Production Painter;63
2817;Hayden;Mobile Developer;18
2816;Gloria;Executive Director;15
2815;Rufus;Call Center Representative;19
2814;Rufus;Stockbroker;26
2813;Peter;Lecturer;22
2812;Kurt;Executive Director;35
2811;Ciara;CNC Operator;27
2810;Cedrick;Food Technologist;46
2809;Chad;Investment  Advisor;44
2808;Carmen;Bellman;40
2807;Erica;Bookkeeper;31
2806;Phillip;Accountant;69
2805;Chelsea;Auditor;30
2804;Maxwell;Cashier;53
2803;Sage;Baker;21
2802;Nate;Audiologist;44
2801;Camellia;Staffing Consultant;40
2800;Ron;Service Supervisor;17
2799;Danielle;Web Developer;32
2798;Anabel;Food Technologist;26
2797;Julius;HR Coordinator;33
2796;Blake;Health Educator;49
2795;Michelle;Clerk;21
2794;Dasha;Executive Director;48
2793;Juliet;Systems Administrator;32
2792;Elijah;Project Manager;54
2791;Maxwell;Dentist;62
2790;Chester;Ambulatory Nurse;31
2789;Livia;Insurance Broker;44
2788;Alice;Machine Operator;35
2787;Chuck;Doctor;56
2786;Johnathan;Mobile Developer;62
2785;Kieth;Food Technologist;41
2784;Ethan;Service Supervisor;51
2783;Isla;Steward;44
2782;Brad;Baker;55
2781;Jules;Ambulatory Nurse;63
2780;Cassandra;Production Painter;25
2779;Britney;Budget Analyst;22
2778;Sage;Bookkeeper;42
2777;Tess;Inspector;21
2776;Roger;Pharmacist;43
2775;Jayden;Baker;16
2774;Marina;Electrician;16
2773;Barney;Webmaster;18
2772;Caleb;Paramedic;15
2771;Chris;Budget Analyst;47
2770;Hannah;Healthcare Specialist;19
2769;Mike;Systems Administrator;38
2768;Georgia;Health Educator;26
2767;Barry;Stockbroker;33
2766;Helen;Lecturer;60
2765;Elijah;Healthcare Specialist;30
2764;Nate;Production Painter;47
2763;Rosalie;CNC Operator;47
2762;Tony;Staffing Consultant;12
2761;Maggie;Laboratory Technician;20
2760;Shay;Investment  Advisor;32
2759;Rick;Machine Operator;66
2758;Maxwell;Fabricator;60
2757;Monica;Cook;57
2756;Chuck;Pharmacist;46
2755;Carter;Fabricator;59
2754;Olivia;Biologist;54
2753;Brooklyn;Dentist;26
2752;Alexa;Machine Operator;24
2751;Ruby;Treasurer;44
2750;Percy;Designer;13
2749;Kimberly;Systems Administrator;35
2748;Jasmine;Health Educator;40
2747;Abdul;Retail Trainee;19
2746;Marvin;Global Logistics Supervisor;62
2745;Benjamin;Electrician;28
2744;Hope;Biologist;51
2743;Carina;Bookkeeper;26
2742;Carla;Laboratory Technician;19
2741;Maxwell;Systems Administrator;54
2740;Johnathan;Bellman;12
2739;Ilona;Production Painter;12
2738;Jasmine;Webmaster;32
2737;Julian;Biologist;57
2736;Ada;Service Supervisor;56
2735;Samara;Auditor;50
2734;Fred;Chef Manager;28
2733;Barney;Fabricator;64
2732;Tyler;Banker;11
2731;Harvey;Health Educator;33
2730;Benny;Laboratory Technician;24
2729;Luke;Bellman;68
2728;Dakota;Clerk;65
2727;Alexander;Doctor;13
2726;Dani;Steward;14
2725;Harvey;Paramedic;48
2724;Darlene;Front Desk Coordinator;44
2723;Mark;Software Engineer;39
2722;Alexander;Ambulatory Nurse;51
2721;Jayden;Service Supervisor;10
2720;Julius;Front Desk Coordinator;26
2719;Danielle;Electrician;15
2718;Danny;Mobile Developer;19
2717;Lucas;Webmaster;65
2716;Carter;Clerk;47
2715;Sharon;Executive Director;48
2714;Martha;Operator;27
2713;Selena;Food Technologist;41
2712;Denny;Associate Professor;56
2711;Amelia;Audiologist;67
2710;Daniel;Banker;46
2709;Denny;Lecturer;26
2708;Michelle;Baker;13
2707;Jane;Pharmacist;47
2706;Doris;Call Center Representative;33
2705;Mackenzie;Associate Professor;19
2704;John;CNC Operator;25
2703;Marissa;Physician;51
2702;Daron;Mobile Developer;24
2701;Leroy;Production Painter;29
2700;Noah;Software Engineer;36
2699;Raquel;Auditor;14
2698;Clint;Pharmacist;41
2697;Rosalie;Insurance Broker;44
2696;Mara;Associate Professor;36
2695;Ema;Treasurer;13
2694;Gemma;Clerk;18
2693;Johnathan;Baker;16
2692;Jacob;Global Logistics Supervisor;11
2691;Aisha;Executive Director;19
2690;Roger;Accountant;40
2689;Mayleen;Lecturer;36
2688;Liam;Health Educator;65
2687;Barry;Healthcare Specialist;40
2686;Rosalyn;Pharmacist;61
2685;Nathan;Investment  Advisor;38
2684;Chuck;Inspector;45
2683;Noemi;Inspector;43
2682;Harvey;Operator;26
2681;Estrella;Assistant Buyer;47
2680;Goldie;Bellman;68
2679;Kimberly;Cash Manager;68
2678;Javier;Loan Officer;11
2677;Taylor;Lecturer;69
2676;Harmony;Assistant Buyer;45
2675;Belinda;Electrician;21
2674;Ciara;Service Supervisor;64
2673;Sydney;Associate Professor;26
2672;Rosalee;IT Support Staff;42
2671;Jaylene;CNC Operator;44
2670;Anthony;Designer;35
2669;Javier;Associate Professor;41
2668;Rufus;Steward;22
2667;Henry;Lecturer;54
2666;Juliette;Retail Trainee;64
2665;Javier;Cash Manager;18
2664;Julian;Executive Director;28
2663;Phoebe;Biologist;21
2662;Makenzie;HR Specialist;15
2661;Mavis;Global Logistics Supervisor;48
2660;Ron;IT Support Staff;19
2659;Sara;Pharmacist;23
2658;Aiden;Designer;47
2657;Manuel;Health Educator;14
2656;Carissa;Production Painter;36
2655;Bart;Accountant;46
2654;Chad;Machine Operator;41
2653;Chester;Executive Director;61
2652;Fred;Mobile Developer;21
2651;Logan;Production Painter;56
2650;Chris;Design Engineer;69
2649;Rocco;Banker;39
2648;Stella;Loan Officer;38
2647;Celia;CNC Operator;18
2646;Deborah;Audiologist;37
2645;Benjamin;Assistant Buyer;39
2644;Jade;Food Technologist;34
2643;Lucas;Accountant;67
2642;Jessica;Investment  Advisor;34
2641;Bryon;Webmaster;21
2640;Ethan;Banker;42
2639;Domenic;Budget Analyst;57
2638;Johnny;Electrician;36
2637;Julius;Food Technologist;10
2636;Jenna;Electrician;62
2635;Peter;Front Desk Coordinator;41
2634;Florence;Insurance Broker;34
2633;Michael;Front Desk Coordinator;15
2632;Erick;Pharmacist;48
2631;Courtney;Webmaster;67
2630;Harmony;Audiologist;59
2629;Gwenyth;Treasurer;68
2628;Hannah;Front Desk Coordinator;57
2627;Anabelle;CNC Operator;27
2626;Thea;Laboratory Technician;17
2625;Keira;Doctor;51
2624;Liv;Cash Manager;16
2623;Trisha;Staffing Consultant;54
2622;Kurt;HR Specialist;34
2621;Stephanie;Lecturer;51
2620;Abdul;Pharmacist;30
2619;Roger;Software Engineer;12
2618;Caydence;Mobile Developer;24
2617;Chester;Web Developer;25
2616;Gabriel;Inspector;46
2615;Erick;Webmaster;22
2614;Nathan;Loan Officer;11
2613;Josh;Paramedic;46
2612;Abdul;Associate Professor;51
2611;Caitlyn;Web Developer;60
2610;Carol;Retail Trainee;12
2609;Johnathan;Biologist;12
2608;Bart;Health Educator;33
2607;Owen;IT Support Staff;32
2606;Manuel;Production Painter;63
2605;Juliet;Laboratory Technician;57
2604;Ethan;Machine Operator;16
2603;Zoe;Mobile Developer;69
2602;Bristol;Health Educator;42
2601;Gwenyth;Assistant Buyer;46
2600;Aiden;Designer;47
2599;Rufus;Food Technologist;57
2598;Nina;Bookkeeper;21
2597;Michael;Web Developer;60
2596;Harmony;Cash Manager;13
2595;Ramon;Accountant;39
2594;Benny;Operator;62
2593;Maria;Operator;29
2592;Vicky;Assistant Buyer;38
2591;Hadley;Loan Officer;32
2590;John;Software Engineer;65
2589;Aiden;HR Coordinator;34
2588;Julius;Cook;27
2587;Ryan;Call Center Representative;68
2586;Nathan;Paramedic;41
2585;Caleb;Chef Manager;30
2584;Enoch;Systems Administrator;54
2583;Courtney;Operator;28
2582;Manuel;Associate Professor;55
2581;Raquel;Webmaster;60
2580;Mara;Auditor;59
2579;Rhea;Biologist;28
2578;Natalie;Web Developer;12
2577;Harry;Inspector;50
2576;Chris;Laboratory Technician;53
2575;Gabriel;Cashier;19
2574;David;Food Technologist;32
2573;Samantha;Production Painter;63
2572;Tom;Pharmacist;11
2571;Naomi;Investment  Advisor;23
2570;Phillip;Loan Officer;67
2569;Angelina;Restaurant Manager;36
2568;Cynthia;Insurance Broker;28
2567;Nicholas;Bookkeeper;21
2566;Rita;Mobile Developer;61
2565;Macy;Project Manager;61
2564;Nicholas;Biologist;41
2563;Angelica;HR Coordinator;60
2562;Tom;Electrician;51
2561;Cherish;Paramedic;14
2560;Penelope;Inspector;63
2559;Johnny;Associate Professor;28
2558;Denis;Bookkeeper;38
2557;Celia;Healthcare Specialist;50
2556;Rihanna;Global Logistics Supervisor;33
2555;Alexander;Call Center Representative;49
2554;Harvey;Food Technologist;60
2553;Angelica;Systems Administrator;17
2552;Natalie;Bookkeeper;28
2551;Jack;Clerk;67
2550;Tyler;CNC Operator;23
2549;Lucas;Ambulatory Nurse;28
2548;Brad;Pharmacist;22
2547;John;IT Support Staff;44
2546;Mason;Pharmacist;53
2545;Nicholas;Budget Analyst;67
2544;Kenzie;Fabricator;36
2543;Chuck;Laboratory Technician;57
2542;Tyler;Bookkeeper;31
2541;Juliette;Budget Analyst;52
2540;Leilani;Bookkeeper;54
2539;Denis;Food Technologist;30
2538;Vicky;Inspector;61
2537;Emely;Systems Administrator;24
2536;Sonya;Insurance Broker;63
2535;John;Fabricator;62
2534;Benjamin;Production Painter;39
2533;William;Laboratory Technician;65
2532;Luna;Auditor;69
2531;Dani;Retail Trainee;59
2530;Barry;Project Manager;65
2529;Quinn;Physician;34
2528;Tyler;CNC Operator;22
2527;Lorraine;IT Support Staff;21
2526;Owen;Auditor;24
2525;Aiden;Bookkeeper;50
2524;Taylor;Cash Manager;11
2523;Mackenzie;Assistant Buyer;57
2522;Wade;Chef Manager;40
2521;Hank;Cook;35
2520;Camden;Cashier;25
2519;Emma;Pharmacist;21
2518;Macy;Accountant;35
2517;Barney;Treasurer;19
2516;Maribel;Call Center Representative;29
2515;Mark;Cook;47
2514;Harriet;Investment  Advisor;32
2513;Oliver;Stockbroker;61
2512;Rosalyn;Treasurer;69
2511;Danny;Treasurer;64
2510;Bart;Bellman;63
2509;Rihanna;Biologist;16
2508;Percy;Dentist;41
2507;Davina;Designer;67
2506;Wade;Business Broker;14
2505;Luke;Treasurer;51
2504;Olivia;Cash Manager;34
2503;Wade;Biologist;17
2502;Abdul;Mobile Developer;49
2501;Clint;Baker;24
2500;Candice;Staffing Consultant;19
2499;Jenna;Bellman;27
2498;Lucas;Lecturer;21
2497;Javier;Baker;24
2496;Russel;Cash Manager;46
2495;Sienna;Front Desk Coordinator;24
2494;Bart;Health Educator;30
2493;Nicholas;Fabricator;61
2492;Alessandra;IT Support Staff;25
2491;Joseph;Bellman;37
2490;Julian;Banker;65
2489;Susan;Clerk;15
2488;Jenna;Biologist;23
2487;Henry;Insurance Broker;61
2486;Mark;Baker;30
2485;Catherine;Software Engineer;62
2484;Anne;Staffing Consultant;42
2483;Monica;Ambulatory Nurse;15
2482;Domenic;Cashier;60
2481;Alexander;Restaurant Manager;56
2480;Penny;Loan Officer;36
2479;Ramon;Service Supervisor;13
2478;Maia;Front Desk Coordinator;42
2477;Ethan;Lecturer;31
2476;Savannah;Webmaster;25
2475;Owen;Healthcare Specialist;23
2474;Francesca;Systems Administrator;18
2473;Amy;Production Painter;54
2472;Vivian;Software Engineer;16
2471;Luke;Auditor;68
2470;Denny;Banker;34
2469;Kendra;Health Educator;67
2468;Daniel;Laboratory Technician;18
2467;Daron;Banker;55
2466;Lillian;Accountant;69
2465;Karen;Ambulatory Nurse;39
2464;Marvin;Retail Trainee;14
2463;Hope;Accountant;60
2462;Hayden;Service Supervisor;13
2461;Josh;Biologist;31
2460;Sonya;Auditor;25
2459;Kurt;Service Supervisor;40
2458;Jacob;Physician;18
2457;Aiden;IT Support Staff;14
2456;Denny;Machine Operator;37
2455;Chester;Baker;67
2454;Lucas;Chef Manager;55
2453;Eden;Audiologist;22
2452;Eduardo;Staffing Consultant;54
2451;Rick;Front Desk Coordinator;50
2450;Hayden;Business Broker;13
2449;Andrea;Retail Trainee;51
2448;Chuck;Dentist;33
2447;Rosalie;Biologist;69
2446;Liv;Auditor;63
2445;Jacob;Operator;27
2444;Vivian;Dentist;38
2443;Tara;HR Coordinator;65
2442;Peter;Design Engineer;49
2441;Jayden;Project Manager;44
2440;Domenic;Assistant Buyer;42
2439;Tyson;Project Manager;37
2438;Maria;Service Supervisor;19
2437;Mike;Investment  Advisor;57
2436;Bart;Audiologist;16
2435;Cara;Fabricator;68
2434;Grace;Chef Manager;49
2433;Tyler;Retail Trainee;10
2432;Nathan;Systems Administrator;66
2431;Chad;Physician;32
2430;Harvey;Production Painter;13
2429;Manuel;Bellman;50
2428;Dorothy;Staffing Consultant;55
2427;Benny;Associate Professor;58
2426;Ally;Insurance Broker;57
2425;Rosalee;Staffing Consultant;44
2424;Gina;Budget Analyst;66
2423;Matt;Budget Analyst;63
2422;Wade;Service Supervisor;14
2421;George;Banker;13
2420;Noah;Mobile Developer;29
2419;Jaylene;HR Specialist;21
2418;Owen;Healthcare Specialist;37
2417;Lara;Cook;58
2416;Zoe;Paramedic;19
2415;Doris;Designer;55
2414;Martin;Ambulatory Nurse;39
2413;Crystal;Bellman;25
2412;Chelsea;Paramedic;18
2411;Manuel;Restaurant Manager;56
2410;Rocco;Treasurer;57
2409;Winnie;Webmaster;23
2408;Benny;Physician;69
2407;Andrea;Assistant Buyer;32
2406;Daphne;Executive Director;40
2405;Clarissa;Business Broker;68
2404;Hannah;Paramedic;30
2403;Enoch;Baker;24
2402;Eduardo;Health Educator;18
2401;Sabina;Electrician;64
2400;Alan;Production Painter;35
2399;Joyce;Mobile Developer;27
2398;Ada;Software Engineer;33
2397;Jacob;Food Technologist;62
2396;Lauren;Global Logistics Supervisor;19
2395;Johnny;Fabricator;19
2394;Erick;Service Supervisor;43
2393;Christine;Food Technologist;54
2392;Gabriel;Project Manager;24
2391;Agnes;Food Technologist;60
2390;Mason;Project Manager;37
2389;Christy;Accountant;45
2388;Noemi;Electrician;15
2387;Chanelle;Production Painter;40
2386;Leilani;Dentist;67
2385;Leilani;Insurance Broker;46
2384;Josh;Loan Officer;23
2383;Lucas;IT Support Staff;65
2382;Rihanna;Investment  Advisor;13
2381;Darlene;Healthcare Specialist;45
2380;Chad;Health Educator;20
2379;Mavis;Biologist;12
2378;Norah;Banker;40
2377;Johnny;Dentist;39
2376;Denis;Investment  Advisor;63
2375;Karla;Insurance Broker;68
2374;Eduardo;Baker;39
2373;Lucas;Retail Trainee;54
2372;Domenic;Clerk;28
2371;Daron;Inspector;35
2370;Peyton;Service Supervisor;59
2369;Liam;HR Coordinator;69
2368;Makenzie;Banker;42
2367;Bristol;Production Painter;12
2366;Enoch;Paramedic;31
2365;Priscilla;Lecturer;50
2364;Sage;Treasurer;23
2363;Rick;Service Supervisor;13
2362;Melinda;HR Coordinator;25
2361;Phoebe;Assistant Buyer;30
2360;Liam;Production Painter;53
2359;Rosie;Biologist;66
2358;Erick;IT Support Staff;66
2357;Greta;Budget Analyst;64
2356;Ramon;Budget Analyst;11
2355;Willow;Production Painter;18
2354;Benjamin;Food Technologist;50
2353;Agnes;Restaurant Manager;12
2352;Daniel;Executive Director;65
2351;Adalind;HR Specialist;64
2350;Ellen;Healthcare Specialist;23
2349;Greta;Cash Manager;26
2348;Anais;Cook;40
2347;Greta;Accountant;62
2346;Boris;Bookkeeper;24
2345;Danny;Treasurer;60
2344;Johnny;Dentist;16
2343;Denis;IT Support Staff;36
2342;Jules;Service Supervisor;65
2341;Hank;Stockbroker;24
2340;Tyson;Physician;24
2339;Alan;Laboratory Technician;14
2338;Barney;Design Engineer;43
2337;Leilani;Doctor;31
2336;Jamie;Retail Trainee;32
2335;Nate;Web Developer;51
2334;Chris;Ambulatory Nurse;26
2333;Priscilla;Webmaster;44
2332;Nick;Steward;41
2331;Tony;Dentist;55
2330;Tyler;HR Specialist;42
2329;Madison;Laboratory Technician;34
2328;Trisha;Cashier;67
2327;Aiden;Assistant Buyer;20
2326;Rocco;Designer;33
2325;Brad;Bookkeeper;52
2324;Hayden;Webmaster;17
2323;Jessica;Project Manager;47
2322;Javier;Software Engineer;35
2321;Carl;Global Logistics Supervisor;63
2320;Hannah;Web Developer;45
2319;Alexander;Business Broker;16
2318;Davina;Dentist;21
2317;Alan;Budget Analyst;12
2316;Joy;Banker;21
2315;Harry;Design Engineer;23
2314;Bryon;Assistant Buyer;18
2313;Mike;Executive Director;15
2312;Mavis;Paramedic;21
2311;Michael;IT Support Staff;38
2310;Leanne;Steward;12
2309;Julius;Health Educator;63
2308;Candace;Investment  Advisor;49
2307;Chuck;Accountant;15
2306;Adalind;Front Desk Coordinator;18
2305;Elise;Paramedic;55
2304;Faith;Operator;27
2303;Anthony;HR Coordinator;29
2302;Hayden;Production Painter;46
2301;Barry;Global Logistics Supervisor;52
2300;Josh;Steward;32
2299;Maxwell;Dentist;29
2298;Ema;Steward;46
2297;Leroy;Restaurant Manager;41
2296;Adalie;Restaurant Manager;27
2295;Manuel;Project Manager;61
2294;Matthew;Web Developer;58
2293;Juliette;Lecturer;66
2292;Skylar;Stockbroker;58
2291;Hailey;Insurance Broker;57
2290;Mike;Healthcare Specialist;66
2289;Jessica;Bookkeeper;36
2288;Hayden;Treasurer;63
2287;John;HR Specialist;53
2286;Aisha;Electrician;16
2285;Cedrick;Fabricator;28
2284;Elijah;Cash Manager;26
2283;Fred;Fabricator;40
2282;Percy;Electrician;29
2281;Barry;Inspector;24
2280;Tyson;Pharmacist;28
2279;Parker;Global Logistics Supervisor;68
2278;Javier;Accountant;47
2277;Daniel;Laboratory Technician;60
2276;Elena;HR Specialist;34
2275;Lucas;Budget Analyst;64
2274;Candice;Insurance Broker;49
2273;Cassidy;HR Coordinator;11
2272;Alan;Designer;20
2271;Lorraine;Cash Manager;21
2270;Denny;Laboratory Technician;66
2269;Paula;Baker;37
2268;Kate;Fabricator;51
2267;Johnny;Ambulatory Nurse;23
2266;Elena;Biologist;26
2265;Sofie;Doctor;19
2264;Candace;Biologist;25
2263;Crystal;Lecturer;32
2262;Regina;Baker;55
2261;Jolene;Executive Director;16
2260;Sebastian;Steward;18
2259;Leslie;Bookkeeper;61
2258;Harvey;Production Painter;62
2257;Hailey;Designer;52
2256;Oliver;IT Support Staff;31
2255;Bryon;CNC Operator;19
2254;Marjorie;Paramedic;28
2253;Javier;Web Developer;35
2252;Adeline;Service Supervisor;11
2251;Jack;Staffing Consultant;23
2250;Carol;Bellman;10
2249;Mark;Webmaster;41
2248;Hazel;Physician;39
2247;Owen;Inspector;56
2246;Marla;Physician;12
2245;Gil;HR Coordinator;48
2244;Daniel;Accountant;29
2243;Camellia;Cash Manager;37
2242;Bryon;Baker;54
2241;Domenic;Baker;49
2240;Janelle;Restaurant Manager;20
2239;Faith;Staffing Consultant;53
2238;Sebastian;Food Technologist;61
2237;Sebastian;Designer;27
2236;Charlotte;Design Engineer;59
2235;Chad;Physician;38
2234;Shelby;Restaurant Manager;68
2233;Julius;Webmaster;63
2232;Audrey;Inspector;20
2231;Josh;HR Coordinator;23
2230;Ruby;Ambulatory Nurse;25
2229;Anthony;IT Support Staff;57
2228;Daron;Doctor;44
2227;Emma;Clerk;49
2226;Jasmine;Associate Professor;11
2225;Anais;Electrician;65
2224;Chester;Bellman;63
2223;Destiny;Treasurer;51
2222;Aiden;Insurance Broker;50
2221;Matthew;Physician;17
2220;Violet;Executive Director;56
2219;Dani;Clerk;60
2218;Johnathan;Restaurant Manager;21
2217;Hank;Budget Analyst;11
2216;Jacob;Production Painter;57
2215;Crystal;Machine Operator;58
2214;Emma;Restaurant Manager;36
2213;Harvey;Laboratory Technician;64
2212;Shay;Chef Manager;12
2211;Tom;Business Broker;35
2210;Doug;CNC Operator;43
2209;Jayden;HR Specialist;25
2208;Caleb;Health Educator;53
2207;Hayden;Systems Administrator;21
2206;Johnny;Healthcare Specialist;58
2205;Daron;Service Supervisor;60
2204;Erick;Banker;12
2203;Rylee;Loan Officer;20
2202;Nicholas;Clerk;42
2201;Fred;HR Specialist;50
2200;Rosa;Bookkeeper;66
2199;Carla;Service Supervisor;26
2198;Estrella;Design Engineer;54
2197;Melanie;Staffing Consultant;35
2196;Cedrick;Call Center Representative;44
2195;Jacob;Doctor;56
2194;Gladys;Treasurer;47
2193;Mark;Mobile Developer;48
2192;Jayden;Insurance Broker;61
2191;Erick;Paramedic;53
2190;Michael;Clerk;64
2189;Livia;Bookkeeper;38
2188;Sofie;Inspector;35
2187;Caleb;Clerk;61
2186;David;Budget Analyst;37
2185;Marissa;Clerk;58
2184;Denny;Webmaster;63
2183;Susan;Investment  Advisor;60
2182;Luna;Insurance Broker;46
2181;Carl;Stockbroker;37
2180;Jack;Production Painter;63
2179;Denny;Web Developer;59
2178;Anthony;Laboratory Technician;27
2177;Adelaide;Chef Manager;45
2176;Jacob;Food Technologist;62
2175;Cassandra;HR Specialist;40
2174;Gwenyth;Inspector;12
2173;Denny;Stockbroker;56
2172;Rufus;Executive Director;17
2171;Mark;Cashier;11
2170;Michael;Service Supervisor;17
2169;Ron;Paramedic;17
2168;Percy;Accountant;67
2167;Tyson;Investment  Advisor;24
2166;Domenic;IT Support Staff;16
2165;Henry;Physician;37
2164;Isabel;Dentist;66
2163;Enoch;Software Engineer;22
2162;Jane;Production Painter;58
2161;Mara;Dentist;33
2160;Isla;Biologist;15
2159;Ruby;Cash Manager;49
2158;Chester;Assistant Buyer;68
2157;Hannah;Steward;27
2156;Liam;Loan Officer;58
2155;Lucas;Bookkeeper;28
2154;Maddison;Bookkeeper;21
2153;Barney;Ambulatory Nurse;59
2152;Barry;Executive Director;25
2151;Stephanie;Paramedic;37
2150;Bart;Insurance Broker;40
2149;Emerald;Inspector;28
2148;Bryon;Executive Director;29
2147;Carl;Clerk;30
2146;Jules;Fabricator;68
2145;Carmen;Food Technologist;16
2144;Abdul;IT Support Staff;28
2143;Carla;Retail Trainee;69
2142;Payton;Doctor;34
2141;Hayden;Baker;14
2140;Fred;Retail Trainee;22
2139;Julian;Health Educator;34
2138;Gemma;Retail Trainee;55
2137;Estrella;Web Developer;10
2136;Thea;Business Broker;21
2135;David;CNC Operator;62
2134;Josh;Global Logistics Supervisor;60
2133;Clint;Paramedic;46
2132;Benjamin;Global Logistics Supervisor;25
2131;Lucy;Webmaster;41
2130;Robyn;Call Center Representative;43
2129;Josh;Staffing Consultant;25
2128;Nicholas;Biologist;26
2127;Mason;Project Manager;64
2126;Phillip;Associate Professor;30
2125;Ron;Healthcare Specialist;52
2124;Rick;Stockbroker;28
2123;Rylee;Accountant;39
2122;Tony;HR Coordinator;51
2121;Adela;IT Support Staff;59
2120;Erin;Lecturer;27
2119;Nate;Stockbroker;51
2118;Nick;Laboratory Technician;48
2117;Camden;Stockbroker;10
2116;Michael;Paramedic;21
2115;Cedrick;Designer;69
2114;Lorraine;Food Technologist;63
2113;Cassandra;Cashier;64
2112;Melody;Software Engineer;65
2111;Ron;Service Supervisor;68
2110;Henry;Lecturer;32
2109;Aiden;Pharmacist;66
2108;Manuel;Pharmacist;18
2107;Rylee;Retail Trainee;25
2106;Sofie;Accountant;39
2105;Nick;Machine Operator;49
2104;Boris;Health Educator;40
2103;Matthew;Design Engineer;65
2102;Abdul;Treasurer;49
2101;Greta;Ambulatory Nurse;60
2100;Chuck;Dentist;31
2099;Wade;Physician;12
2098;Megan;Cashier;20
2097;Caitlyn;Design Engineer;64
2096;Stephanie;Auditor;54
2095;Javier;Service Supervisor;15
2094;Leroy;HR Coordinator;36
2093;Davina;Accountant;62
2092;Kamila;Project Manager;12
2091;Martin;Retail Trainee;60
2090;Denny;Stockbroker;28
2089;Adalie;Designer;37
2088;Rosalyn;Call Center Representative;27
2087;Roger;Food Technologist;17
2086;Maribel;Stockbroker;33
2085;Chris;Cook;55
2084;Emmanuelle;Assistant Buyer;34
2083;Abdul;Banker;25
2082;Bree;HR Coordinator;52
2081;Tom;Budget Analyst;64
2080;Colleen;HR Specialist;44
2079;Ivette;Front Desk Coordinator;61
2078;Sasha;Banker;64
2077;Hank;Design Engineer;34
2076;Phillip;Investment  Advisor;69
2075;Eduardo;Cook;22
2074;Rylee;Cashier;69
2073;Kieth;Food Technologist;65
2072;Lynn;HR Specialist;36
2071;Bryce;Physician;52
2070;Nathan;Business Broker;16
2069;Joy;Insurance Broker;25
2068;Daphne;Treasurer;37
2067;Gabriel;Baker;22
2066;Melanie;Machine Operator;66
2065;Bart;Mobile Developer;35
2064;Paige;Cook;17
2063;Thea;Biologist;22
2062;Mike;Service Supervisor;19
2061;William;Paramedic;17
2060;Roger;Clerk;67
2059;Javier;Business Broker;26
2058;Eden;Doctor;65
2057;Daniel;Banker;48
2056;Tyler;Webmaster;29
2055;Mona;Physician;45
2054;Ronald;Audiologist;55
2053;Alexander;Inspector;21
2052;Madelyn;Physician;35
2051;Kurt;Baker;35
2050;Phoebe;Inspector;58
2049;Naomi;Insurance Broker;20
2048;Laila;Inspector;23
2047;Emery;IT Support Staff;33
2046;Bryon;Webmaster;64
2045;Abdul;CNC Operator;27
2044;Victoria;Global Logistics Supervisor;61
2043;Holly;Fabricator;15
2042;Mandy;Audiologist;38
2041;Tyler;Accountant;10
2040;Nate;Cashier;40
2039;Maia;Executive Director;27
2038;Elise;Electrician;52
2037;Benjamin;Investment  Advisor;63
2036;Doug;Chef Manager;60
2035;Nick;Steward;61
2034;Phillip;Staffing Consultant;64
2033;Bristol;HR Specialist;29
2032;Johnny;Doctor;56
2031;Joseph;Production Painter;40
2030;Aisha;Cashier;67
2029;Ronald;Insurance Broker;52
2028;Irene;Pharmacist;14
2027;Noemi;Stockbroker;52
2026;Gemma;Service Supervisor;23
2025;Shay;Web Developer;41
2024;Sabrina;Designer;23
2023;Oliver;Executive Director;33
2022;Deborah;Electrician;48
2021;Hazel;Executive Director;65
2020;Rocco;Designer;42
2019;Diane;Audiologist;12
2018;Rick;Assistant Buyer;17
2017;Aiden;Ambulatory Nurse;31
2016;Mackenzie;Investment  Advisor;39
2015;Sloane;Mobile Developer;24
2014;Phillip;Banker;43
2013;Michael;IT Support Staff;48
2012;Alice;Loan Officer;68
2011;Jayden;Electrician;22
2010;Leanne;Healthcare Specialist;29
2009;Kamila;Designer;45
2008;Phillip;Executive Director;65
2007;Jasmine;Health Educator;42
2006;Shay;Project Manager;21
2005;Aurelia;Paramedic;65
2004;Adalind;Retail Trainee;33
2003;Mayleen;Chef Manager;51
2002;Michael;Systems Administrator;53
2001;Eduardo;Staffing Consultant;42
2000;Tony;Clerk;26
1999;Gil;Banker;12
1998;Victoria;Restaurant Manager;68
1997;Brad;HR Specialist;59
1996;Javier;Food Technologist;63
1995;Isabella;CNC Operator;65
1994;Taylor;Executive Director;35
1993;Marvin;Baker;51
1992;Bryon;HR Specialist;67
1991;Benny;CNC Operator;54
1990;Lynn;Doctor;54
1989;Denis;Fabricator;40
1988;Rosalee;Associate Professor;33
1987;Angelina;HR Coordinator;17
1986;Mayleen;Paramedic;55
1985;Michelle;Treasurer;39
1984;Bart;Banker;53
1983;Penelope;Software Engineer;18
1982;Luke;Cash Manager;50
1981;Greta;Call Center Representative;45
1980;Lorraine;Auditor;27
1979;Maribel;Paramedic;31
1978;Alexander;Physician;50
1977;Jane;Associate Professor;62
1976;Barry;Production Painter;63
1975;William;Laboratory Technician;26
1974;Benny;Front Desk Coordinator;36
1973;Barney;Chef Manager;62
1972;Melanie;Clerk;53
1971;Blake;Ambulatory Nurse;67
1970;Hailey;Cashier;33
1969;Sebastian;Mobile Developer;36
1968;Aurelia;Cash Manager;11
1967;Fred;Electrician;24
1966;Logan;Front Desk Coordinator;25
1965;Nicholas;Food Technologist;58
1964;Nina;Healthcare Specialist;48
1963;Russel;Paramedic;39
1962;Kendra;IT Support Staff;27
1961;Cherish;Cash Manager;24
1960;Hanna;Baker;29
1959;Liam;Global Logistics Supervisor;62
1958;Fiona;Accountant;51
1957;Alma;HR Coordinator;31
1956;Nick;Project Manager;27
1955;Benjamin;Clerk;43
1954;Tyson;Inspector;39
1953;Alessia;Health Educator;56
1952;Jane;Banker;56
1951;Emely;Production Painter;40
1950;Chanelle;Banker;61
1949;Carter;Inspector;46
1948;Nathan;HR Coordinator;45
1947;Anthony;Loan Officer;57
1946;Erick;Retail Trainee;45
1945;Angelique;Global Logistics Supervisor;61
1944;Chadwick;Operator;36
1943;Lillian;Food Technologist;45
1942;Evie;Investment  Advisor;54
1941;Melania;Retail Trainee;55
1940;Candace;Healthcare Specialist;30
1939;Jennifer;HR Coordinator;57
1938;Valerie;IT Support Staff;23
1937;Summer;Associate Professor;27
1936;Johnny;IT Support Staff;37
1935;Elle;Healthcare Specialist;25
1934;Harry;Designer;52
1933;Owen;Web Developer;14
1932;Adina;Steward;18
1931;Juliet;Webmaster;17
1930;Renee;Biologist;33
1929;Marigold;Laboratory Technician;36
1928;Danny;Lecturer;32
1927;Lara;Dentist;10
1926;Carmen;Food Technologist;39
1925;Enoch;Machine Operator;49
1924;Bart;Call Center Representative;11
1923;Doug;Global Logistics Supervisor;45
1922;Mary;Accountant;62
1921;Isabel;Physician;25
1920;Manuel;Investment  Advisor;59
1919;Jack;Software Engineer;68
1918;Anthony;Doctor;23
1917;Barney;Machine Operator;49
1916;Bart;Treasurer;25
1915;Trisha;Executive Director;19
1914;Leilani;Electrician;36
1913;Maxwell;Production Painter;25
1912;Jacob;Food Technologist;14
1911;Oliver;Bellman;55
1910;Rocco;Retail Trainee;41
1909;Alexander;Health Educator;68
1908;Daria;HR Coordinator;55
1907;Gabriel;Webmaster;64
1906;Isabella;Production Painter;11
1905;Jasmine;Inspector;53
1904;Camila;Loan Officer;34
1903;Noah;Service Supervisor;50
1902;Domenic;Inspector;25
1901;Felicity;Biologist;63
1900;Alma;Treasurer;24
1899;Chadwick;Production Painter;50
1898;Danielle;Project Manager;38
1897;Payton;Service Supervisor;42
1896;Norah;Assistant Buyer;33
1895;Joseph;Dentist;53
1894;Tyler;Loan Officer;42
1893;Leroy;Webmaster;14
1892;Marissa;Health Educator;25
1891;Shelby;Systems Administrator;63
1890;Ryan;Doctor;54
1889;Ivette;Audiologist;11
1888;Isla;Physician;23
1887;Boris;Business Broker;26
1886;Lana;Cash Manager;43
1885;Hailey;Business Broker;59
1884;David;Call Center Representative;38
1883;Luke;Associate Professor;20
1882;Jade;Steward;61
1881;Julianna;Cashier;55
1880;Jasmine;Paramedic;31
1879;Mark;Machine Operator;43
1878;Kieth;Biologist;32
1877;Daron;Biologist;62
1876;Boris;Accountant;51
1875;Hank;Systems Administrator;35
1874;Manuel;Associate Professor;31
1873;Adalind;Business Broker;38
1872;Gil;Cashier;46
1871;Tania;Physician;56
1870;Lily;Cook;17
1869;Aisha;Insurance Broker;62
1868;Keira;Health Educator;49
1867;Jayden;Pharmacist;61
1866;Denny;Designer;69
1865;Josh;Chef Manager;65
1864;Alba;Paramedic;69
1863;Valentina;Inspector;30
1862;Michael;Lecturer;33
1861;Kurt;Web Developer;22
1860;Aleksandra;Bookkeeper;21
1859;Mona;Cash Manager;25
1858;Roger;Ambulatory Nurse;40
1857;Kurt;Bookkeeper;53
1856;George;CNC Operator;23
1855;Jamie;Webmaster;38
1854;Callie;Stockbroker;55
1853;Harvey;Systems Administrator;54
1852;Sara;Dentist;11
1851;Carl;Business Broker;15
1850;Winnie;Mobile Developer;42
1849;Gloria;Stockbroker;45
1848;Shannon;Healthcare Specialist;63
1847;Bryce;Treasurer;26
1846;Rosalyn;Dentist;39
1845;Dorothy;CNC Operator;59
1844;Ivy;Electrician;22
1843;Melania;Executive Director;40
1842;Ruby;Stockbroker;10
1841;Fred;CNC Operator;35
1840;Brad;Designer;22
1839;Beatrice;Bellman;10
1838;Lucas;Associate Professor;64
1837;Jacob;Laboratory Technician;59
1836;Kurt;Fabricator;57
1835;Marina;Cash Manager;13
1834;Gil;Webmaster;23
1833;Marvin;Executive Director;40
1832;Clint;Cash Manager;16
1831;Chadwick;HR Specialist;69
1830;Percy;Machine Operator;69
1829;Rebecca;Restaurant Manager;60
1828;Melania;Food Technologist;61
1827;Rufus;Treasurer;61
1826;Adalie;Investment  Advisor;32
1825;Makena;Global Logistics Supervisor;12
1824;Camden;Associate Professor;49
1823;Marie;Doctor;22
1822;Percy;Software Engineer;53
1821;Tyson;Cash Manager;11
1820;Mavis;Business Broker;62
1819;Charlize;Treasurer;52
1818;Ivette;Assistant Buyer;29
1817;Phillip;Dentist;54
1816;Fred;Fabricator;27
1815;Ethan;Steward;29
1814;Nina;Software Engineer;64
1813;Marissa;Stockbroker;16
1812;Alessia;Electrician;25
1811;Rylee;Assistant Buyer;60
1810;Sofie;Cook;41
1809;Nathan;Auditor;61
1808;Molly;Doctor;48
1807;Ema;Electrician;16
1806;Benjamin;Production Painter;58
1805;Harvey;Software Engineer;20
1804;Noah;Cash Manager;15
1803;Johnny;Cashier;20
1802;Louise;Stockbroker;45
1801;Alan;CNC Operator;35
1800;Owen;Budget Analyst;40
1799;Barney;Cook;27
1798;Liv;Call Center Representative;58
1797;Maxwell;Global Logistics Supervisor;32
1796;Karla;Budget Analyst;51
1795;Evelynn;Auditor;35
1794;Chuck;Executive Director;18
1793;Doug;Software Engineer;60
1792;Oliver;HR Specialist;57
1791;Gabriel;Webmaster;17
1790;Gabriel;Design Engineer;32
1789;Chadwick;Physician;45
1788;Belinda;Systems Administrator;11
1787;Amelia;Bellman;56
1786;Ivette;Insurance Broker;65
1785;Rufus;Physician;68
1784;Phillip;Lecturer;38
1783;Brad;Doctor;28
1782;Kendra;Laboratory Technician;67
1781;Tyler;Lecturer;11
1780;Angel;Inspector;10
1779;Lucas;Audiologist;38
1778;Logan;Auditor;55
1777;Madelyn;Food Technologist;11
1776;Hazel;Project Manager;27
1775;Clint;Baker;13
1774;Denis;Cashier;19
1773;William;Healthcare Specialist;38
1772;Daron;Physician;18
1771;Liam;Systems Administrator;68
1770;Carl;Assistant Buyer;24
1769;Rocco;Chef Manager;65
1768;Peyton;Lecturer;28
1767;Deborah;Retail Trainee;15
1766;Cara;Call Center Representative;39
1765;Cara;Software Engineer;31
1764;Erick;Webmaster;54
1763;Roger;HR Coordinator;57
1762;Juliet;Cook;16
1761;Karla;Bellman;51
1760;Susan;Retail Trainee;49
1759;Colleen;Bookkeeper;19
1758;Lana;Business Broker;29
1757;Tyson;CNC Operator;29
1756;Paula;Stockbroker;59
1755;Matt;Staffing Consultant;54
1754;Rocco;Baker;23
1753;Hazel;Baker;19
1752;Ada;Physician;52
1751;Johnathan;CNC Operator;55
1750;Sarah;Mobile Developer;56
1749;Noah;Cashier;12
1748;Melinda;HR Specialist;47
1747;Hailey;Pharmacist;67
1746;Rick;Lecturer;68
1745;Martha;Systems Administrator;31
1744;Jacob;Physician;65
1743;Kendra;Project Manager;64
1742;Bryon;Systems Administrator;66
1741;Lauren;Food Technologist;39
1740;Noah;Web Developer;23
1739;Lillian;Design Engineer;13
1738;Clarissa;Associate Professor;52
1737;Nina;Biologist;27
1736;Morgan;Operator;14
1735;Percy;Fabricator;19
1734;Nick;Mobile Developer;50
1733;Alan;Staffing Consultant;18
1732;Peter;Auditor;38
1731;Clint;Clerk;64
1730;Chadwick;Cook;25
1729;Hayden;Systems Administrator;44
1728;Ember;Physician;20
1727;Joseph;Retail Trainee;58
1726;Sonya;Treasurer;65
1725;Harry;Software Engineer;14
1724;Ron;Health Educator;25
1723;Rae;Budget Analyst;12
1722;Ramon;Production Painter;43
1721;Penny;Project Manager;60
1720;Estrella;Mobile Developer;17
1719;Barry;Staffing Consultant;44
1718;Darlene;Cook;14
1717;Carmen;Dentist;50
1716;Gina;Retail Trainee;35
1715;Eduardo;Food Technologist;52
1714;Dorothy;Lecturer;22
1713;Wade;Stockbroker;31
1712;Margaret;Auditor;28
1711;John;Bellman;63
1710;Cherish;Ambulatory Nurse;29
1709;Julius;Systems Administrator;55
1708;Julian;Accountant;46
1707;Harvey;Software Engineer;25
1706;Lily;Banker;65
1705;Bob;Cook;58
1704;Adela;Pharmacist;39
1703;Carrie;Banker;59
1702;Benny;Accountant;26
1701;Tony;Service Supervisor;54
1700;Michael;Bellman;35
1699;John;Machine Operator;12
1698;Johnny;Physician;25
1697;Owen;Mobile Developer;20
1696;Felicity;HR Coordinator;64
1695;Bryce;Laboratory Technician;55
1694;Samara;Bookkeeper;22
1693;Sonya;Dentist;25
1692;Eryn;Banker;33
1691;Carissa;Audiologist;35
1690;Camellia;Project Manager;66
1689;Jolene;Bookkeeper;15
1688;Harry;Stockbroker;61
1687;Piper;Mobile Developer;17
1686;Nicholas;Inspector;38
1685;Selena;Retail Trainee;13
1684;Elisabeth;Chef Manager;15
1683;Anne;Webmaster;45
1682;Hazel;Inspector;62
1681;Kendra;Healthcare Specialist;66
1680;Matthew;Operator;66
1679;Julius;Accountant;58
1678;Cassandra;CNC Operator;13
1677;Darlene;Food Technologist;66
1676;Hannah;Health Educator;52
1675;Cedrick;Paramedic;28
1674;Joyce;Ambulatory Nurse;54
1673;Kurt;Inspector;20
1672;Javier;Investment  Advisor;15
1671;Kenzie;Design Engineer;45
1670;Aileen;Budget Analyst;48
1669;Mabel;IT Support Staff;16
1668;Benjamin;Production Painter;55
1667;Bryce;Doctor;52
1666;Zara;Design Engineer;21
1665;Bristol;Accountant;27
1664;Rae;Dentist;38
1663;Ramon;Pharmacist;20
1662;Chad;Lecturer;18
1661;Tom;Dentist;69
1660;Carl;Production Painter;31
1659;Clint;Investment  Advisor;10
1658;Lucas;Design Engineer;15
1657;Ryan;Cash Manager;50
1656;Ruth;Food Technologist;49
1655;Mike;Associate Professor;36
1654;Kieth;Call Center Representative;69
1653;Victoria;Paramedic;64
1652;Leroy;Loan Officer;64
1651;William;Paramedic;34
1650;Rhea;Bellman;17
1649;Nancy;CNC Operator;66
1648;Chuck;Design Engineer;59
1647;Daniel;Operator;50
1646;Leroy;Mobile Developer;38
1645;Fred;Call Center Representative;28
1644;Michael;Design Engineer;27
1643;Ivette;Ambulatory Nurse;35
1642;Irene;Associate Professor;35
1641;Chelsea;Investment  Advisor;61
1640;Candace;Cash Manager;50
1639;Carter;Global Logistics Supervisor;12
1638;Brad;Electrician;43
1637;Stacy;IT Support Staff;39
1636;Dorothy;Loan Officer;32
1635;Jack;Call Center Representative;23
1634;Hank;HR Specialist;68
1633;Parker;IT Support Staff;27
1632;Erica;Insurance Broker;33
1631;Barney;Steward;50
1630;Rosemary;Bookkeeper;51
1629;Vivian;Health Educator;14
1628;Elly;Web Developer;61
1627;Janelle;Treasurer;69
1626;Fred;Mobile Developer;63
1625;Vanessa;Biologist;25
1624;Mackenzie;Design Engineer;42
1623;Wade;Fabricator;14
1622;Javier;Web Developer;13
1621;Alan;Accountant;59
1620;Wade;Audiologist;17
1619;Leilani;Stockbroker;27
1618;Matthew;Lecturer;63
1617;Tess;Restaurant Manager;27
1616;Macy;Steward;11
1615;Tyler;Insurance Broker;15
1614;Anthony;Business Broker;52
1613;Samara;Auditor;36
1612;Monica;HR Specialist;36
1611;Daniel;Associate Professor;38
1610;Irene;Accountant;49
1609;Janice;Banker;23
1608;Bridget;Lecturer;25
1607;Johnathan;Electrician;67
1606;Abdul;Assistant Buyer;33
1605;Stella;Machine Operator;42
1604;Felicity;CNC Operator;53
1603;Russel;Inspector;19
1602;Kieth;Fabricator;52
1601;Mike;Audiologist;20
1600;Kurt;Staffing Consultant;28
1599;Oliver;Webmaster;51
1598;Noah;Audiologist;47
1597;Hayden;Call Center Representative;34
1596;Ryan;Dentist;16
1595;Rufus;Biologist;35
1594;Carl;Operator;69
1593;Judith;Accountant;67
1592;Denis;Designer;48
1591;Hayden;Dentist;32
1590;Fiona;Healthcare Specialist;68
1589;Julia;IT Support Staff;10
1588;David;Inspector;52
1587;Carmella;Chef Manager;54
1586;Ruby;Designer;63
1585;George;Clerk;58
1584;Eryn;Auditor;16
1583;Oliver;Clerk;38
1582;Hazel;Accountant;14
1581;Rebecca;Health Educator;56
1580;Marvin;Loan Officer;33
1579;Bristol;Banker;21
1578;Chuck;Cashier;45
1577;Benjamin;Banker;27
1576;Henry;HR Specialist;31
1575;Abdul;Ambulatory Nurse;65
1574;Nancy;Cash Manager;38
1573;Nick;Investment  Advisor;35
1572;Shannon;Bookkeeper;19
1571;Liam;Loan Officer;69
1570;Erick;Cashier;17
1569;Cassidy;Steward;34
1568;Denny;Service Supervisor;26
1567;Leroy;Baker;26
1566;Jack;Laboratory Technician;32
1565;Nicholas;Design Engineer;17
1564;Alba;Ambulatory Nurse;43
1563;Rosemary;Auditor;68
1562;Harry;Design Engineer;25
1561;Eileen;Fabricator;26
1560;Adela;Steward;31
1559;Leroy;Bellman;50
1558;Nate;Physician;45
1557;Bob;Laboratory Technician;48
1556;Jacob;Steward;39
1555;Carl;Paramedic;69
1554;Brad;Bellman;46
1553;Denny;Service Supervisor;46
1552;Maxwell;Dentist;32
1551;Shannon;Treasurer;13
1550;Isla;Dentist;56
1549;Matthew;Paramedic;38
1548;Andie;Retail Trainee;62
1547;Ramon;Design Engineer;60
1546;Benny;Design Engineer;55
1545;Mark;Bellman;67
1544;Britney;Treasurer;43
1543;Carter;Health Educator;49
1542;Boris;Doctor;53
1541;Bethany;Paramedic;34
1540;Michael;Doctor;21
1539;Clint;Loan Officer;17
1538;Alba;Operator;37
1537;Cara;Doctor;30
1536;Grace;Business Broker;13
1535;Angelina;Loan Officer;13
1534;Diane;Designer;16
1533;Nathan;Audiologist;60
1532;Lara;Auditor;30
1531;Eryn;Front Desk Coordinator;41
1530;Nicholas;Designer;21
1529;Chanelle;Project Manager;59
1528;Tyson;Clerk;44
1527;Aurelia;Investment  Advisor;52
1526;Jessica;Pharmacist;30
1525;Ron;Assistant Buyer;37
1524;Gabriel;HR Coordinator;24
1523;Henry;Global Logistics Supervisor;40
1522;Goldie;Electrician;64
1521;Chris;Steward;40
1520;Tyler;HR Specialist;50
1519;Samantha;Biologist;22
1518;Holly;HR Coordinator;66
1517;Jocelyn;Cash Manager;60
1516;Jamie;Stockbroker;28
1515;Mark;Baker;34
1514;Jack;Biologist;16
1513;Nick;Bellman;47
1512;Eve;Business Broker;49
1511;Logan;Food Technologist;41
1510;Faith;Audiologist;22
1509;Percy;Designer;32
1508;Daphne;Investment  Advisor;16
1507;Peter;Fabricator;26
1506;Rufus;Clerk;51
1505;Harriet;Loan Officer;31
1504;Enoch;Doctor;50
1503;Leilani;Cashier;47
1502;Russel;Insurance Broker;57
1501;Rebecca;CNC Operator;61
1500;Sarah;Treasurer;34
1499;Luke;Fabricator;34
1498;Thea;Chef Manager;14
1497;Chris;Baker;37
1496;Mavis;Cash Manager;29
1495;Bridget;Mobile Developer;57
1494;Percy;Budget Analyst;51
1493;Marina;Mobile Developer;45
1492;Cara;Inspector;20
1491;Phillip;Laboratory Technician;45
1490;Camila;Clerk;59
1489;William;Insurance Broker;55
1488;Havana;Project Manager;36
1487;Madelyn;Ambulatory Nurse;48
1486;Diane;Banker;49
1485;Matt;Associate Professor;45
1484;Florence;Insurance Broker;22
1483;Fred;Banker;26
1482;Aileen;Chef Manager;13
1481;Domenic;Systems Administrator;16
1480;Eduardo;Assistant Buyer;47
1479;Hazel;Business Broker;16
1478;Mike;Audiologist;37
1477;Candace;Assistant Buyer;62
1476;Carrie;Production Painter;66
1475;Teagan;Software Engineer;10
1474;Bree;Mobile Developer;49
1473;Janelle;Project Manager;65
1472;Lily;Chef Manager;24
1471;Ethan;Inspector;13
1470;Marvin;Front Desk Coordinator;64
1469;Anabel;Front Desk Coordinator;28
1468;Taylor;Loan Officer;39
1467;Marla;Biologist;23
1466;Eden;Food Technologist;19
1465;Jackeline;Design Engineer;62
1464;Mason;Business Broker;29
1463;Jules;Front Desk Coordinator;48
1462;Mike;Systems Administrator;53
1461;Sabina;Bookkeeper;11
1460;Lillian;Insurance Broker;58
1459;Bob;Accountant;47
1458;Elly;Health Educator;44
1457;Carrie;HR Coordinator;28
1456;Phillip;Designer;11
1455;Julius;Steward;44
1454;Hope;Project Manager;54
1453;Enoch;Associate Professor;42
1452;Ethan;Paramedic;56
1451;Shelby;Auditor;12
1450;Sebastian;Associate Professor;56
1449;Nathan;Physician;26
1448;Noah;Accountant;44
1447;Barney;Fabricator;55
1446;Sofia;Audiologist;21
1445;Sofie;Accountant;28
1444;Leroy;Steward;53
1443;Payton;Fabricator;13
1442;Rocco;Health Educator;68
1441;Denny;HR Coordinator;14
1440;Dasha;Global Logistics Supervisor;36
1439;Leilani;Webmaster;13
1438;Madelyn;Associate Professor;44
1437;Jacob;Global Logistics Supervisor;60
1436;Barry;Accountant;64
1435;Daniel;Stockbroker;66
1434;Nicholas;Inspector;69
1433;Alexa;Electrician;21
1432;Marvin;Clerk;40
1431;Marvin;Project Manager;65
1430;Marjorie;Web Developer;53
1429;Emmanuelle;HR Specialist;57
1428;Bryon;HR Specialist;23
1427;Regina;Service Supervisor;49
1426;Fred;Bellman;35
1425;Sonya;Systems Administrator;37
1424;Gil;Baker;22
1423;Rick;Production Painter;12
1422;Chris;Paramedic;47
1421;Angel;Front Desk Coordinator;33
1420;Danielle;Bookkeeper;19
1419;Marvin;Audiologist;56
1418;Mark;Designer;29
1417;Rocco;Bookkeeper;27
1416;Dalia;Loan Officer;20
1415;Valentina;Pharmacist;53
1414;Boris;Business Broker;35
1413;Joseph;Baker;35
1412;Ellen;HR Specialist;43
1411;Matt;Health Educator;10
1410;Erick;Systems Administrator;60
1409;Nate;Project Manager;37
1408;Freya;Auditor;50
1407;Fred;Associate Professor;14
1406;Rocco;Biologist;12
1405;Freya;Food Technologist;68
1404;Willow;Global Logistics Supervisor;27
1403;Britney;Webmaster;18
1402;Samantha;Health Educator;14
1401;Camellia;Business Broker;22
1400;Erick;Assistant Buyer;63
1399;Peter;Project Manager;40
1398;Courtney;Laboratory Technician;47
1397;Tom;Steward;66
1396;Alexa;HR Specialist;23
1395;Roger;Associate Professor;28
1394;Elijah;Paramedic;51
1393;Brad;Design Engineer;34
1392;Josh;Insurance Broker;55
1391;Rylee;Clerk;43
1390;Hayden;HR Coordinator;51
1389;Taylor;Stockbroker;69
1388;Remy;Laboratory Technician;66
1387;Agnes;Associate Professor;66
1386;Sabina;Front Desk Coordinator;48
1385;Tyler;Restaurant Manager;43
1384;Anthony;Insurance Broker;31
1383;Julius;HR Coordinator;32
1382;Ethan;Restaurant Manager;39
1381;Denis;Machine Operator;10
1380;Danny;Insurance Broker;42
1379;Maribel;Biologist;60
1378;Harvey;Associate Professor;16
1377;Ron;Call Center Representative;45
1376;Carolyn;Paramedic;23
1375;Andie;Banker;63
1374;Barney;Biologist;45
1373;Agnes;Laboratory Technician;66
1372;Mara;Inspector;46
1371;Jacob;Healthcare Specialist;11
1370;Mark;Operator;45
1369;Adina;Healthcare Specialist;42
1368;Alice;Laboratory Technician;51
1367;Kate;IT Support Staff;21
1366;Boris;Machine Operator;69
1365;Benny;Web Developer;65
1364;Marjorie;Baker;49
1363;Aleksandra;Front Desk Coordinator;23
1362;Jayden;Fabricator;64
1361;Jacob;Bellman;58
1360;Olivia;HR Specialist;61
1359;Belinda;Electrician;42
1358;Logan;Mobile Developer;19
1357;Chad;Cash Manager;67
1356;Jack;Business Broker;55
1355;Willow;Physician;45
1354;Mayleen;Food Technologist;47
1353;Domenic;Designer;45
1352;Clint;Executive Director;53
1351;Erica;Cashier;14
1350;Adelaide;Laboratory Technician;27
1349;Ivy;Production Painter;55
1348;Roger;Paramedic;18
1347;Matt;Business Broker;46
1346;Alex;Bookkeeper;33
1345;Leroy;Laboratory Technician;55
1344;Benjamin;Design Engineer;31
1343;Joseph;Lecturer;64
1342;Sabrina;Pharmacist;28
1341;Shay;CNC Operator;60
1340;Lucy;Physician;13
1339;Carter;Insurance Broker;12
1338;Doug;Health Educator;29
1337;Marvin;Stockbroker;19
1336;Kurt;Mobile Developer;54
1335;Aurelia;Machine Operator;14
1334;Cassandra;Fabricator;52
1333;Enoch;Design Engineer;37
1332;Liam;CNC Operator;46
1331;Lorraine;Food Technologist;36
1330;Denny;Executive Director;25
1329;Ellen;IT Support Staff;62
1328;Anthony;Staffing Consultant;45
1327;Jack;Systems Administrator;29
1326;Rocco;Clerk;32
1325;Angelique;Web Developer;64
1324;Adela;Operator;34
1323;Norah;Machine Operator;15
1322;Fred;Laboratory Technician;19
1321;Holly;IT Support Staff;49
1320;Mya;Paramedic;44
1319;Laila;Designer;10
1318;Margaret;CNC Operator;16
1317;Parker;Budget Analyst;50
1316;Chad;HR Specialist;22
1315;Kenzie;Budget Analyst;69
1314;Gladys;Inspector;69
1313;Irene;Mobile Developer;50
1312;Janelle;Webmaster;59
1311;Ron;Associate Professor;19
1310;Julius;Healthcare Specialist;43
1309;Phillip;Systems Administrator;12
1308;Moira;Ambulatory Nurse;48
1307;William;Electrician;38
1306;Matthew;HR Coordinator;14
1305;Ethan;Insurance Broker;11
1304;Alison;Executive Director;23
1303;Chadwick;Loan Officer;41
1302;Lorraine;Loan Officer;43
1301;Crystal;Doctor;18
1300;Rosemary;Stockbroker;48
1299;Danny;Laboratory Technician;30
1298;Carl;Mobile Developer;60
1297;Abdul;Associate Professor;40
1296;Peter;Stockbroker;28
1295;Kurt;Cashier;41
1294;Carol;Health Educator;24
1293;Sage;Paramedic;43
1292;Lindsay;Investment  Advisor;34
1291;Adina;Staffing Consultant;52
1290;Martin;Lecturer;65
1289;Caydence;Production Painter;60
1288;Celia;Inspector;15
1287;Ramon;Biologist;35
1286;Nate;CNC Operator;47
1285;Nick;Biologist;58
1284;Sofie;Inspector;61
1283;Eduardo;Paramedic;38
1282;Violet;HR Coordinator;16
1281;Jackeline;Chef Manager;62
1280;Sienna;Staffing Consultant;33
1279;Cara;Food Technologist;31
1278;Mason;Ambulatory Nurse;35
1277;Naomi;Global Logistics Supervisor;53
1276;Joseph;Webmaster;16
1275;Julian;Pharmacist;21
1274;Brad;Healthcare Specialist;69
1273;Carolyn;Health Educator;20
1272;Fred;Pharmacist;47
1271;Wendy;Clerk;35
1270;Lexi;Design Engineer;51
1269;Rufus;Loan Officer;56
1268;Eduardo;Project Manager;38
1267;Phillip;Cook;53
1266;Cameron;Associate Professor;64
1265;Jackeline;Operator;46
1264;Ryan;Audiologist;44
1263;Rosa;Dentist;16
1262;Elisabeth;Physician;29
1261;Cherish;Biologist;19
1260;Tyson;Paramedic;47
1259;Boris;Mobile Developer;15
1258;Peter;Treasurer;27
1257;Dasha;Accountant;46
1256;Rocco;Health Educator;21
1255;Sebastian;Fabricator;41
1254;Freya;Bellman;15
1253;Daniel;Banker;53
1252;Ron;Retail Trainee;39
1251;Henry;Dentist;56
1250;Chadwick;Steward;32
1249;Alison;Loan Officer;68
1248;Erick;CNC Operator;65
1247;Erick;Call Center Representative;10
1246;Marvin;Web Developer;45
1245;Sloane;Business Broker;66
1244;Laila;IT Support Staff;19
1243;Emmanuelle;Bellman;10
1242;Ryan;Stockbroker;39
1241;Savannah;Stockbroker;36
1240;Carrie;Cash Manager;21
1239;Alexander;Dentist;46
1238;Jenna;Executive Director;61
1237;Alan;Budget Analyst;14
1236;Shay;Treasurer;35
1235;Wendy;Associate Professor;19
1234;Javier;Health Educator;69
1233;Rosalee;Electrician;30
1232;Sofia;Retail Trainee;62
1231;Julianna;Machine Operator;13
1230;Cedrick;Front Desk Coordinator;41
1229;Molly;Paramedic;41
1228;Angela;Auditor;50
1227;Hope;CNC Operator;18
1226;Mandy;Biologist;38
1225;Bart;Front Desk Coordinator;35
1224;George;Associate Professor;51
1223;Manuel;Auditor;22
1222;Angelique;Accountant;24
1221;Carl;IT Support Staff;19
1220;Bristol;Clerk;37
1219;George;Executive Director;35
1218;Aurelia;Banker;50
1217;Esmeralda;Assistant Buyer;18
1216;Nick;Pharmacist;67
1215;Sonya;Service Supervisor;46
1214;Carl;Chef Manager;27
1213;Candace;Laboratory Technician;33
1212;Lily;HR Coordinator;42
1211;Elly;HR Specialist;66
1210;Johnny;Restaurant Manager;63
1209;Manuel;Fabricator;57
1208;Boris;Audiologist;11
1207;Oliver;Software Engineer;10
1206;Lara;Fabricator;49
1205;Logan;IT Support Staff;60
1204;Makenzie;Paramedic;33
1203;Matt;Electrician;14
1202;Adalind;Physician;15
1201;Lynn;HR Coordinator;14
1200;Kenzie;Inspector;50
1199;Faith;Investment  Advisor;17
1198;Matthew;Stockbroker;62
1197;Vivian;Auditor;52
1196;Dalia;Health Educator;32
1195;Ada;Cook;59
1194;Darlene;Paramedic;34
1193;Alison;Staffing Consultant;24
1192;Marilyn;Steward;15
1191;Lucas;Inspector;48
1190;Caleb;Paramedic;50
1189;Ryan;Chef Manager;60
1188;Hanna;Mobile Developer;65
1187;Enoch;Laboratory Technician;26
1186;Iris;Systems Administrator;36
1185;Juliette;Business Broker;69
1184;Jacob;Lecturer;24
1183;Boris;Budget Analyst;27
1182;Carter;Production Painter;42
1181;Doug;Bookkeeper;32
1180;Adeline;Cash Manager;34
1179;Ramon;Cash Manager;64
1178;Estrella;Audiologist;33
1177;Penny;Banker;12
1176;Hank;Auditor;37
1175;Mason;CNC Operator;56
1174;Tyson;Production Painter;25
1173;Adela;Restaurant Manager;44
1172;Camellia;CNC Operator;20
1171;Mara;Loan Officer;52
1170;Jessica;Fabricator;33
1169;Johnathan;HR Specialist;11
1168;Matthew;Webmaster;62
1167;Dalia;Fabricator;25
1166;Owen;Investment  Advisor;47
1165;Oliver;Ambulatory Nurse;52
1164;Nathan;Pharmacist;34
1163;Kendra;Doctor;64
1162;Tom;Audiologist;43
1161;Julian;Cash Manager;61
1160;Esmeralda;Fabricator;60
1159;Meredith;Executive Director;58
1158;Diane;Ambulatory Nurse;53
1157;Marigold;Paramedic;18
1156;Alan;Business Broker;24
1155;Savannah;Mobile Developer;64
1154;Florence;Budget Analyst;52
1153;Alessandra;Pharmacist;51
1152;David;Systems Administrator;15
1151;Abdul;Service Supervisor;53
1150;Anabel;Cash Manager;57
1149;Abdul;Stockbroker;55
1148;Chester;Biologist;23
1147;Adelaide;Stockbroker;37
1146;Bart;Baker;52
1145;Denis;Design Engineer;30
1144;Mason;Cashier;34
1143;Chuck;Steward;58
1142;Benny;Executive Director;24
1141;Daniel;Treasurer;38
1140;Sage;Executive Director;16
1139;Rowan;Electrician;13
1138;Caitlyn;Auditor;51
1137;Bryon;HR Specialist;25
1136;Skylar;Insurance Broker;63
1135;Teagan;Paramedic;44
1134;Kurt;Doctor;19
1133;Paula;Ambulatory Nurse;44
1132;Carrie;Cashier;14
1131;Abdul;Global Logistics Supervisor;51
1130;Remy;Associate Professor;69
1129;Mary;Fabricator;36
1128;Wendy;Fabricator;48
1127;Tyler;Food Technologist;19
1126;John;Stockbroker;31
1125;Aileen;Physician;63
1124;Alexander;Business Broker;29
1123;Rufus;CNC Operator;12
1122;Mason;CNC Operator;14
1121;Hank;CNC Operator;43
1120;Havana;Executive Director;12
1119;Russel;Restaurant Manager;61
1118;Ilona;Production Painter;21
1117;Valerie;Operator;47
1116;Nathan;Design Engineer;61
1115;Boris;Electrician;45
1114;Ruby;Operator;52
1113;Darlene;Associate Professor;64
1112;Evelynn;Auditor;11
1111;Skylar;Service Supervisor;18
1110;Carrie;Chef Manager;53
1109;Jules;Retail Trainee;12
1108;Maria;Clerk;45
1107;Denny;Retail Trainee;68
1106;Havana;Budget Analyst;57
1105;Johnny;Web Developer;61
1104;Lucas;Executive Director;33
1103;Vanessa;Systems Administrator;33
1102;Clarissa;Front Desk Coordinator;22
1101;Adina;Cook;33
1100;Kurt;Design Engineer;41
1099;Danny;Electrician;10
1098;Josh;Project Manager;26
1097;Gina;Bellman;45
1096;Joyce;Inspector;31
1095;Vicky;Investment  Advisor;30
1094;Bob;HR Coordinator;57
1093;Cristal;Biologist;47
1092;Johnathan;HR Specialist;65
1091;Fred;Executive Director;54
1090;Tiffany;Insurance Broker;32
1089;Chloe;Bellman;20
1088;Ryan;IT Support Staff;13
1087;Marvin;Budget Analyst;22
1086;Daniel;Mobile Developer;25
1085;Natalie;Steward;31
1084;Molly;Pharmacist;29
1083;Matt;Business Broker;55
1082;Maia;Webmaster;15
1081;Helen;Restaurant Manager;37
1080;Enoch;Auditor;46
1079;Matthew;Dentist;41
1078;William;Audiologist;23
1077;Maxwell;Treasurer;46
1076;Marissa;Dentist;24
1075;Martin;Doctor;54
1074;Wade;Steward;26
1073;Phillip;Baker;63
1072;Jacqueline;Cook;28
1071;Chuck;Chef Manager;52
1070;Marissa;Laboratory Technician;20
1069;Gabriel;Cash Manager;66
1068;Michaela;Laboratory Technician;37
1067;Alan;Associate Professor;37
1066;Fiona;Staffing Consultant;37
1065;Russel;Loan Officer;60
1064;Regina;CNC Operator;60
1063;Raquel;Call Center Representative;18
1062;Summer;HR Coordinator;21
1061;Nicholas;Steward;32
1060;Hayden;Dentist;45
1059;Josephine;Staffing Consultant;12
1058;Bristol;Electrician;19
1057;Mason;Restaurant Manager;42
1056;Jamie;Treasurer;16
1055;Domenic;Production Painter;57
1054;Oliver;Auditor;38
1053;Erick;Ambulatory Nurse;46
1052;Phillip;Bookkeeper;66
1051;Nick;Budget Analyst;37
1050;Sebastian;Operator;24
1049;Gabriel;Doctor;68
1048;Paige;Inspector;48
1047;John;Investment  Advisor;55
1046;Cedrick;Design Engineer;44
1045;Maxwell;Cook;58
1044;Ron;Designer;21
1043;Emely;Cashier;67
1042;Clint;Associate Professor;68
1041;Phillip;CNC Operator;61
1040;Brad;Chef Manager;34
1039;Felicity;HR Specialist;58
1038;Harriet;Biologist;30
1037;Keira;Audiologist;11
1036;Rufus;Business Broker;64
1035;Wade;Audiologist;45
1034;Hank;Designer;56
1033;Liam;Biologist;62
1032;Anthony;Loan Officer;28
1031;Evie;Business Broker;26
1030;Kieth;Investment  Advisor;58
1029;Phillip;Healthcare Specialist;22
1028;Julius;Ambulatory Nurse;61
1027;Mark;Inspector;31
1026;Noah;Mobile Developer;58
1025;Josh;Call Center Representative;52
1024;Sebastian;HR Specialist;58
1023;Bridget;Chef Manager;46
1022;Logan;Service Supervisor;59
1021;Alice;Bellman;57
1020;Leroy;HR Coordinator;40
1019;Lucas;Electrician;67
1018;Harvey;Clerk;47
1017;Renee;Design Engineer;51
1016;Barry;Systems Administrator;19
1015;Tyler;Restaurant Manager;66
1014;Luke;Software Engineer;18
1013;Eduardo;Loan Officer;40
1012;Mason;Lecturer;68
1011;Tony;Project Manager;12
1010;Felicity;Web Developer;50
1009;Sebastian;Cash Manager;42
1008;Gladys;Steward;47
1007;Brad;Chef Manager;49
1006;Kurt;Cash Manager;19
1005;Boris;Dentist;52
1004;Fred;Front Desk Coordinator;24
1003;Melinda;Designer;45
1002;Maddison;Paramedic;41
1001;Lucas;Retail Trainee;29
1000;Felicity;Laboratory Technician;55
999;Chuck;Designer;32
998;Hope;Investment  Advisor;42
997;Irene;Electrician;69
996;Kirsten;Designer;34
995;Chadwick;HR Specialist;24
994;Piper;Web Developer;30
993;Tyson;Treasurer;16
992;Mavis;Systems Administrator;59
991;Martin;Fabricator;61
990;Greta;Inspector;27
989;Elena;Operator;48
988;Ember;Retail Trainee;40
987;Boris;Doctor;58
986;Molly;Assistant Buyer;54
985;Owen;Healthcare Specialist;27
984;Melody;Steward;22
983;Elle;Health Educator;16
982;Daphne;Executive Director;65
981;Javier;Steward;41
980;Irene;Retail Trainee;21
979;Chanelle;Call Center Representative;28
978;Kate;Paramedic;65
977;Skylar;Budget Analyst;44
976;Alison;Physician;65
975;Owen;Design Engineer;45
974;Jasmine;Accountant;67
973;Lucas;Software Engineer;35
972;Renee;CNC Operator;42
971;Doug;Clerk;53
970;Nick;Inspector;64
969;Cristal;Banker;58
968;Mary;Clerk;22
967;Winnie;Assistant Buyer;60
966;Johnny;Biologist;29
965;Marvin;Production Painter;64
964;Stephanie;Stockbroker;47
963;Andie;Bellman;61
962;Marjorie;Auditor;34
961;William;Inspector;15
960;Carl;Cashier;45
959;Destiny;Project Manager;12
958;Tony;Chef Manager;28
957;Doris;Ambulatory Nurse;17
956;Danny;Budget Analyst;25
955;Rick;Front Desk Coordinator;23
954;Eileen;Electrician;18
953;Macy;Bellman;11
952;Phillip;IT Support Staff;33
951;Carolyn;Health Educator;12
950;Isla;Food Technologist;49
949;Alan;Designer;31
948;Mara;Mobile Developer;29
947;Boris;Chef Manager;34
946;Stella;Designer;33
945;Nicholas;Associate Professor;32
944;Melania;Staffing Consultant;64
943;Ellen;Staffing Consultant;56
942;Alessandra;Laboratory Technician;60
941;Aiden;Food Technologist;46
940;Ilona;Design Engineer;50
939;Nicole;Steward;10
938;Ryan;Chef Manager;58
937;Julianna;Systems Administrator;68
936;Peter;Cash Manager;67
935;Jenna;Auditor;27
934;Sabina;Accountant;62
933;Ivy;Mobile Developer;55
932;Kurt;Banker;21
931;Katelyn;Healthcare Specialist;20
930;Jessica;Associate Professor;30
929;Cedrick;Service Supervisor;37
928;Vera;Bellman;38
927;Bart;Executive Director;67
926;Oliver;Stockbroker;20
925;Destiny;Healthcare Specialist;37
924;Liam;Bellman;65
923;Doug;Loan Officer;10
922;Jacqueline;Chef Manager;43
921;Mike;HR Coordinator;31
920;Adina;Stockbroker;46
919;Thea;Lecturer;47
918;Lily;Treasurer;58
917;Norah;Operator;54
916;Domenic;Biologist;44
915;Bart;Webmaster;30
914;Hayden;Laboratory Technician;32
913;Brad;Operator;54
912;Kendra;Design Engineer;67
911;Adelaide;Fabricator;18
910;Jacob;Retail Trainee;26
909;Harry;Design Engineer;12
908;Hank;Healthcare Specialist;32
907;Belinda;Global Logistics Supervisor;59
906;Audrey;Bookkeeper;16
905;Rosemary;Healthcare Specialist;64
904;Nick;Systems Administrator;60
903;Kenzie;Web Developer;25
902;Thea;Doctor;25
901;Josh;Restaurant Manager;24
900;Sharon;Systems Administrator;36
899;Jenna;Business Broker;11
898;Juliette;Ambulatory Nurse;50
897;Michael;Banker;63
896;Valerie;Production Painter;31
895;Barry;Bellman;20
894;Mandy;Retail Trainee;27
893;Carissa;Staffing Consultant;19
892;Harmony;Front Desk Coordinator;14
891;Mike;Biologist;42
890;Freya;Call Center Representative;53
889;Nancy;Audiologist;56
888;Esmeralda;Fabricator;56
887;Bristol;Inspector;53
886;Martin;Insurance Broker;24
885;Makenzie;Audiologist;19
884;Matthew;Associate Professor;62
883;Luke;Accountant;66
882;Liam;Loan Officer;67
881;Bryon;IT Support Staff;53
880;Angela;HR Coordinator;10
879;Skylar;Food Technologist;41
878;Amy;Web Developer;22
877;Ellen;Insurance Broker;49
876;Helen;Steward;11
875;Jackeline;CNC Operator;32
874;Nate;Web Developer;31
873;Vicky;Chef Manager;56
872;Renee;Cash Manager;52
871;Percy;Steward;12
870;Rocco;Business Broker;31
869;Elijah;Bookkeeper;15
868;Gladys;Software Engineer;38
867;Rebecca;Project Manager;38
866;Mark;Project Manager;11
865;Jade;Designer;57
864;Sara;Service Supervisor;11
863;Sebastian;IT Support Staff;13
862;Chester;Ambulatory Nurse;52
861;Norah;Loan Officer;43
860;Fred;Laboratory Technician;59
859;Liam;Auditor;37
858;Logan;Biologist;18
857;Elijah;Stockbroker;64
856;Matthew;Baker;52
855;Ivette;Project Manager;35
854;Bob;Investment  Advisor;31
853;Camden;Baker;38
852;Russel;Retail Trainee;29
851;Lucas;Biologist;50
850;Cedrick;Restaurant Manager;56
849;Bernadette;Production Painter;48
848;Anthony;Biologist;54
847;Hayden;Fabricator;42
846;Dalia;Ambulatory Nurse;16
845;Ryan;Call Center Representative;51
844;Jackeline;Associate Professor;16
843;Britney;Banker;13
842;Andie;Cash Manager;16
841;Logan;Mobile Developer;29
840;Ramon;Doctor;16
839;Juliet;Cashier;34
838;Eduardo;Webmaster;22
837;Tyler;Cook;27
836;Estrella;Retail Trainee;36
835;Alice;Retail Trainee;27
834;Robyn;Baker;49
833;Erick;Dentist;30
832;Nathan;Production Painter;21
831;Leroy;Bellman;36
830;Maxwell;Designer;38
829;Gabriel;Systems Administrator;50
828;Chadwick;Ambulatory Nurse;50
827;Joyce;Systems Administrator;45
826;Gil;Audiologist;67
825;Domenic;Accountant;36
824;Naomi;Production Painter;11
823;Hank;Global Logistics Supervisor;51
822;Agnes;Biologist;30
821;Ethan;Health Educator;51
820;Anne;Staffing Consultant;12
819;Phillip;Stockbroker;38
818;Claire;Pharmacist;65
817;Lily;Lecturer;59
816;Emma;HR Coordinator;56
815;Esmeralda;Pharmacist;41
814;Greta;Operator;17
813;Benny;Doctor;44
812;Leroy;HR Coordinator;14
811;Daron;Restaurant Manager;58
810;Jacob;Business Broker;37
809;Owen;Cashier;18
808;Rocco;Lecturer;61
807;Chloe;Investment  Advisor;61
806;Karen;Cook;51
805;Emmanuelle;Business Broker;56
804;Greta;Biologist;34
803;Gloria;Biologist;62
802;Savannah;Bookkeeper;19
801;Carter;Front Desk Coordinator;31
800;Karla;Machine Operator;47
799;Gil;CNC Operator;41
798;Rocco;Fabricator;31
797;Julian;IT Support Staff;55
796;Johnathan;Machine Operator;24
795;Julia;Investment  Advisor;30
794;Peyton;Front Desk Coordinator;14
793;Tyson;CNC Operator;26
792;Fiona;Electrician;35
791;Agnes;Fabricator;50
790;Boris;Cash Manager;51
789;Tom;Restaurant Manager;60
788;Carl;Baker;51
787;Adelaide;Front Desk Coordinator;62
786;Rick;Bellman;22
785;Nicholas;Insurance Broker;14
784;Tyler;Software Engineer;11
783;Tom;Chef Manager;60
782;Mona;Clerk;40
781;Sebastian;Doctor;16
780;Caydence;Cash Manager;64
779;Celina;Audiologist;15
778;Daniel;Dentist;32
777;Ivy;Cook;40
776;Margot;Service Supervisor;29
775;Julius;Operator;60
774;Peyton;Retail Trainee;68
773;Jolene;Dentist;61
772;Henry;Laboratory Technician;49
771;Carolyn;Call Center Representative;62
770;Diane;HR Coordinator;54
769;Destiny;Auditor;57
768;David;Healthcare Specialist;48
767;Sienna;HR Coordinator;31
766;Sonya;Mobile Developer;12
765;Tania;Banker;43
764;Bob;Assistant Buyer;46
763;Alma;Accountant;25
762;Chuck;Audiologist;64
761;Noah;Machine Operator;59
760;Ronald;Systems Administrator;24
759;Felicity;Mobile Developer;10
758;Tyler;Accountant;22
757;Eden;Service Supervisor;14
756;Jessica;Baker;42
755;Kassandra;Treasurer;17
754;Maribel;Business Broker;41
753;Daron;HR Specialist;15
752;Cedrick;Cashier;58
751;Janice;Banker;49
750;Cedrick;Software Engineer;34
749;Michael;Loan Officer;68
748;Mason;Pharmacist;48
747;Erica;Machine Operator;59
746;Shay;Software Engineer;65
745;Manuel;Investment  Advisor;34
744;Celina;Bellman;17
743;Courtney;Retail Trainee;30
742;Chelsea;Steward;40
741;Dani;Audiologist;67
740;Hope;Food Technologist;35
739;Lucy;Chef Manager;16
738;Bryon;Associate Professor;65
737;Doug;Treasurer;18
736;Sonya;Operator;27
735;Rowan;CNC Operator;47
734;Jazmin;Bookkeeper;69
733;Sylvia;Audiologist;53
732;Rachael;Accountant;15
731;Adalie;Fabricator;14
730;Rae;Treasurer;28
729;Wendy;Bookkeeper;27
728;Gil;Fabricator;12
727;Ember;Ambulatory Nurse;52
726;Henry;Cook;32
725;Harvey;Audiologist;56
724;Elijah;Biologist;14
723;Doug;HR Specialist;62
722;Ron;Banker;20
721;Chloe;Service Supervisor;41
720;Domenic;Accountant;60
719;Leslie;Audiologist;66
718;Nathan;HR Specialist;38
717;Adela;Laboratory Technician;40
716;Cadence;Business Broker;37
715;Jacob;Stockbroker;61
714;Mavis;HR Specialist;49
713;Gemma;Staffing Consultant;51
712;Ethan;Clerk;44
711;Danielle;Healthcare Specialist;34
710;Chuck;Pharmacist;42
709;Jacob;Biologist;37
708;Marvin;Front Desk Coordinator;41
707;Evelynn;Web Developer;46
706;Kurt;Treasurer;33
705;Erin;Audiologist;22
704;Carol;Operator;25
703;Jennifer;Stockbroker;13
702;Livia;Cashier;21
701;Leroy;Insurance Broker;60
700;Ember;CNC Operator;44
699;Maribel;Treasurer;65
698;Bree;Associate Professor;37
697;Gil;Stockbroker;62
696;Matt;Stockbroker;43
695;Lindsay;Inspector;15
694;Mabel;Dentist;33
693;Leroy;Laboratory Technician;37
692;Nathan;Software Engineer;43
691;Leroy;Auditor;15
690;Rosa;Bookkeeper;42
689;Ivy;Machine Operator;32
688;Benjamin;Budget Analyst;39
687;Carl;Stockbroker;11
686;Melania;Laboratory Technician;24
685;Agnes;Laboratory Technician;14
684;Chris;Investment  Advisor;23
683;Peyton;Budget Analyst;64
682;Kassandra;Project Manager;65
681;Cynthia;Restaurant Manager;65
680;Bryon;CNC Operator;25
679;Cassidy;Physician;34
678;Rocco;Cash Manager;22
677;Emery;Web Developer;16
676;Charlize;Insurance Broker;68
675;Tyler;Banker;14
674;Logan;Project Manager;12
673;Brad;Accountant;62
672;Mina;Pharmacist;37
671;Angelique;HR Specialist;22
670;Peter;Budget Analyst;28
669;Alan;Investment  Advisor;33
668;Michael;Ambulatory Nurse;45
667;Nathan;Fabricator;23
666;Elise;Cook;30
665;Oliver;Stockbroker;59
664;Willow;Retail Trainee;25
663;Nick;HR Coordinator;51
662;Laila;Front Desk Coordinator;65
661;Chadwick;Health Educator;44
660;Tara;Health Educator;39
659;John;Cook;10
658;Alessandra;Dentist;33
657;Danny;CNC Operator;41
656;Sylvia;Pharmacist;10
655;Lindsay;Machine Operator;56
654;Mayleen;Budget Analyst;62
653;Winnie;Bookkeeper;21
652;Hazel;HR Specialist;22
651;Dakota;Production Painter;28
650;Moira;Front Desk Coordinator;67
649;Aurelia;Design Engineer;60
648;Peyton;Baker;60
647;Vera;Clerk;11
646;Maddison;Electrician;66
645;Luke;Associate Professor;19
644;Payton;Business Broker;51
643;Jane;Mobile Developer;46
642;Johnny;Ambulatory Nurse;31
641;Benjamin;Service Supervisor;48
640;Jules;Paramedic;28
639;Julian;Health Educator;23
638;Henry;Project Manager;46
637;William;Steward;61
636;Peter;Executive Director;48
635;Vera;Ambulatory Nurse;28
634;Johnathan;IT Support Staff;68
633;Nancy;Laboratory Technician;57
632;Holly;Banker;60
631;Marvin;Pharmacist;41
630;Ronald;Accountant;44
629;Kamila;Stockbroker;17
628;Lorraine;Business Broker;18
627;Daniel;IT Support Staff;62
626;Phillip;Investment  Advisor;14
625;George;Cashier;43
624;Kieth;Retail Trainee;19
623;Lucas;Designer;18
622;Brooklyn;Design Engineer;27
621;Alexander;Clerk;43
620;Alison;Investment  Advisor;59
619;Wade;Laboratory Technician;54
618;Nathan;HR Specialist;39
617;Rufus;Chef Manager;16
616;Danny;Budget Analyst;43
615;Ciara;Webmaster;37
614;Winnie;Fabricator;37
613;Daphne;Health Educator;28
612;Eve;Bookkeeper;21
611;Hank;Laboratory Technician;58
610;Gil;IT Support Staff;20
609;Maxwell;Paramedic;32
608;Anabelle;Associate Professor;36
607;Christine;Bellman;11
606;Peter;Service Supervisor;30
605;Adalind;Ambulatory Nurse;69
604;Kurt;Insurance Broker;37
603;Matthew;Inspector;36
602;Aileen;Global Logistics Supervisor;26
601;Ally;Call Center Representative;17
600;Aiden;Assistant Buyer;14
599;Elijah;Biologist;67
598;Zoe;Doctor;14
597;Oliver;IT Support Staff;29
596;Percy;Web Developer;28
595;Danny;Healthcare Specialist;58
594;Nate;Production Painter;60
593;Manuel;Physician;10
592;Molly;Systems Administrator;35
591;Angelina;Production Painter;43
590;Ryan;Production Painter;22
589;Harvey;Clerk;64
588;Johnny;HR Specialist;68
587;Lauren;Staffing Consultant;10
586;Jocelyn;Pharmacist;28
585;Naomi;Health Educator;22
584;Rachael;Loan Officer;32
583;Ethan;Clerk;15
582;Carter;Laboratory Technician;20
581;Rosalee;HR Specialist;54
580;Phillip;Mobile Developer;29
579;Sloane;Doctor;17
578;Natalie;Staffing Consultant;66
577;Tess;Loan Officer;25
576;Cara;Accountant;18
575;Javier;Laboratory Technician;47
574;Elijah;IT Support Staff;46
573;Anthony;Electrician;12
572;Martin;Physician;57
571;Ellen;Global Logistics Supervisor;42
570;Sasha;Insurance Broker;59
569;Barney;Systems Administrator;22
568;Barry;Inspector;36
567;Amelia;Bookkeeper;39
566;Nate;Web Developer;36
565;Mara;Laboratory Technician;55
564;Cassidy;Ambulatory Nurse;54
563;Barney;Fabricator;28
562;Angel;Software Engineer;11
561;Rocco;Biologist;14
560;Ivette;CNC Operator;43
559;Michaela;Executive Director;62
558;Rosalie;Banker;59
557;Hank;HR Specialist;16
556;Isabella;Design Engineer;65
555;Denny;Software Engineer;54
554;Domenic;Dentist;28
553;Cedrick;Front Desk Coordinator;14
552;David;Audiologist;59
551;Luna;Associate Professor;47
550;Matt;Investment  Advisor;35
549;Chad;Health Educator;10
548;Erica;Insurance Broker;11
547;Lucas;Software Engineer;16
546;Logan;Pharmacist;64
545;Benny;Cash Manager;29
544;Bart;Project Manager;46
543;Sasha;Retail Trainee;35
542;Adelaide;CNC Operator;28
541;Eduardo;Healthcare Specialist;29
540;Mason;Machine Operator;39
539;Meredith;Staffing Consultant;21
538;Kenzie;Cook;69
537;Cameron;Service Supervisor;49
536;Brooklyn;Design Engineer;35
535;Marvin;Banker;28
534;Nick;Assistant Buyer;34
533;Maxwell;Health Educator;42
532;Brad;Investment  Advisor;67
531;Natalie;CNC Operator;35
530;Chris;Front Desk Coordinator;69
529;Tony;Software Engineer;63
528;Renee;Doctor;47
527;Cara;HR Coordinator;30
526;Danielle;Dentist;48
525;Fiona;Cook;11
524;George;Project Manager;15
523;Sarah;Doctor;48
522;Rosa;Investment  Advisor;61
521;Abdul;Bookkeeper;51
520;Daphne;Staffing Consultant;14
519;Penelope;Cash Manager;63
518;Marvin;Auditor;13
517;Hailey;Bellman;67
516;Callie;Designer;59
515;John;Retail Trainee;51
514;Sienna;Audiologist;69
513;Mason;Retail Trainee;34
512;Taylor;Clerk;60
511;Phillip;Pharmacist;30
510;Matt;Associate Professor;51
509;Tyson;Design Engineer;11
508;Georgia;Associate Professor;52
507;Oliver;Production Painter;43
506;Susan;Webmaster;28
505;Lily;Treasurer;54
504;Percy;Restaurant Manager;59
503;Makenzie;Staffing Consultant;51
502;Brad;Auditor;41
501;Stacy;Lecturer;52
500;Lexi;Mobile Developer;69
499;Anthony;Staffing Consultant;27
498;Mara;Business Broker;67
497;Denny;Web Developer;44
496;Clint;Machine Operator;42
495;Elijah;Health Educator;20
494;Holly;CNC Operator;34
493;Logan;Clerk;44
492;Julian;Health Educator;63
491;Mike;Cash Manager;55
490;Kurt;Cash Manager;38
489;Chris;Physician;36
488;Manuel;Operator;35
487;Elisabeth;Web Developer;23
486;Allison;HR Specialist;47
485;Leroy;Chef Manager;60
484;Hayden;Insurance Broker;10
483;Eve;Bookkeeper;44
482;Camila;Machine Operator;10
481;Tom;Operator;17
480;Tom;Executive Director;12
479;Nathan;Lecturer;29
478;Hayden;Cash Manager;38
477;Henry;Systems Administrator;51
476;Matthew;Loan Officer;53
475;Gil;Cook;31
474;Josh;Web Developer;49
473;Liv;Machine Operator;66
472;Liam;Restaurant Manager;43
471;Cynthia;CNC Operator;33
470;Willow;Retail Trainee;18
469;Christy;IT Support Staff;18
468;Chester;Audiologist;29
467;Andie;Webmaster;30
466;Norah;Design Engineer;45
465;Chuck;Webmaster;31
464;Ember;HR Specialist;65
463;Luke;Health Educator;51
462;Josh;Steward;12
461;Tess;Software Engineer;37
460;Percy;Associate Professor;22
459;Clint;Banker;57
458;Daron;Budget Analyst;35
457;Paula;Machine Operator;61
456;Mark;Project Manager;46
455;Tony;Systems Administrator;66
454;Ally;Banker;32
453;Ruby;IT Support Staff;15
452;Matthew;Electrician;18
451;Livia;Clerk;41
450;Gil;CNC Operator;61
449;Belinda;Systems Administrator;61
448;Holly;CNC Operator;66
447;Kenzie;Operator;43
446;Rufus;Call Center Representative;36
445;George;Baker;20
444;Harry;Restaurant Manager;32
443;Aileen;Systems Administrator;60
442;Kamila;Service Supervisor;68
441;Margot;Clerk;54
440;Vanessa;Doctor;61
439;Gina;Service Supervisor;67
438;Kieth;Clerk;31
437;Bernadette;Steward;11
436;Alma;Systems Administrator;13
435;Nate;Electrician;49
434;Kurt;Treasurer;47
433;Maya;Webmaster;44
432;Angela;Cook;20
431;Josephine;Biologist;65
430;Jacob;Associate Professor;16
429;Leroy;Biologist;67
428;Liliana;Healthcare Specialist;38
427;Taylor;Healthcare Specialist;10
426;Monica;Restaurant Manager;39
425;Priscilla;Designer;48
424;Marvin;Banker;55
423;Elly;Budget Analyst;61
422;Wade;Health Educator;14
421;Johnny;Stockbroker;42
420;Morgan;Chef Manager;12
419;Nathan;Cash Manager;25
418;Harvey;Service Supervisor;58
417;Hank;Front Desk Coordinator;28
416;Colleen;Auditor;28
415;Crystal;Cash Manager;41
414;Eden;Service Supervisor;59
413;Fred;Doctor;45
412;Willow;Clerk;64
411;Margaret;Cash Manager;41
410;Ryan;Electrician;23
409;Kaylee;Call Center Representative;60
408;Jayden;Stockbroker;58
407;Audrey;Doctor;18
406;Paula;Accountant;25
405;Aileen;Production Painter;14
404;Molly;Software Engineer;65
403;Javier;Food Technologist;69
402;Michelle;Fabricator;19
401;Willow;IT Support Staff;65
400;Ronald;Biologist;55
399;Stella;Call Center Representative;46
398;Rocco;Lecturer;34
397;Emma;Systems Administrator;62
396;Amelia;Webmaster;49
395;Brad;Cash Manager;29
394;Josh;HR Coordinator;34
393;Barry;HR Coordinator;41
392;Julius;Machine Operator;10
391;Cedrick;Software Engineer;30
390;Lucy;Assistant Buyer;15
389;Ruby;Clerk;57
388;Josh;Bellman;25
387;Christine;Lecturer;43
386;Sebastian;Design Engineer;47
385;Matt;Pharmacist;14
384;Jessica;Biologist;60
383;Joseph;Designer;60
382;Sabrina;Dentist;48
381;Leah;HR Coordinator;53
380;Daphne;Inspector;33
379;Danny;Pharmacist;35
378;Daphne;Cook;15
377;Caleb;Mobile Developer;22
376;Marvin;Service Supervisor;35
375;Liv;Paramedic;24
374;Bristol;Cashier;43
373;Anthony;Physician;61
372;William;IT Support Staff;36
371;Lucas;Audiologist;21
370;Fiona;Staffing Consultant;43
369;Violet;Accountant;45
368;Maxwell;HR Coordinator;29
367;Rita;Lecturer;50
366;Grace;Design Engineer;44
365;Abdul;Healthcare Specialist;13
364;Luke;Global Logistics Supervisor;31
363;Matt;Service Supervisor;33
362;Bob;Treasurer;42
361;Lily;Clerk;28
360;Caleb;Investment  Advisor;19
359;Maya;Accountant;58
358;Russel;Chef Manager;41
357;Morgan;Banker;13
356;Luke;Mobile Developer;60
355;David;HR Specialist;61
354;Ronald;Food Technologist;40
353;Manuel;Biologist;36
352;Mike;Project Manager;43
351;Kimberly;Production Painter;32
350;Aurelia;Investment  Advisor;15
349;Danielle;Cook;52
348;Chuck;CNC Operator;10
347;Destiny;Accountant;45
346;Alan;HR Coordinator;16
345;Carl;Biologist;15
344;Boris;Designer;65
343;Henry;Treasurer;40
342;Mason;HR Specialist;52
341;Joseph;Retail Trainee;66
340;Rocco;Steward;49
339;Maxwell;Bookkeeper;23
338;Carla;Cash Manager;53
337;Mike;Clerk;36
336;Olivia;Bellman;51
335;Owen;Cash Manager;26
334;Melania;Retail Trainee;42
333;Barry;Cash Manager;46
332;Alan;Software Engineer;30
331;Adina;Treasurer;33
330;Chuck;HR Specialist;48
329;William;Production Painter;49
328;Fred;Healthcare Specialist;58
327;Lucas;Steward;69
326;Jacob;Doctor;67
325;Mark;Operator;34
324;Tyler;Cashier;35
323;William;Clerk;23
322;Eden;Executive Director;21
321;Makenzie;Production Painter;21
320;Martin;Front Desk Coordinator;14
319;Roger;Software Engineer;69
318;Russel;IT Support Staff;18
317;Johnny;Stockbroker;22
316;Beatrice;Restaurant Manager;51
315;Julia;Business Broker;41
314;Skylar;Machine Operator;20
313;Freya;Mobile Developer;38
312;Kamila;Clerk;48
311;Candace;CNC Operator;12
310;Ryan;Clerk;11
309;Kendra;Retail Trainee;10
308;Barry;Project Manager;56
307;Aiden;Executive Director;11
306;Josh;Electrician;15
305;Anthony;Business Broker;60
304;Miriam;Physician;50
303;Leroy;Steward;60
302;Phoebe;Systems Administrator;52
301;Aeris;Steward;61
300;Alexia;Software Engineer;45
299;Josh;Project Manager;24
298;Melanie;Mobile Developer;64
297;Elle;Clerk;63
296;Nicholas;Audiologist;45
295;Angel;Assistant Buyer;25
294;Rosie;Physician;39
293;Mark;Health Educator;67
292;Chad;Insurance Broker;68
291;Marvin;Mobile Developer;43
290;William;HR Coordinator;45
289;Jacob;Global Logistics Supervisor;13
288;Tyson;Baker;52
287;Harvey;Dentist;11
286;Thea;Global Logistics Supervisor;39
285;Cherish;Physician;11
284;Estrella;HR Coordinator;13
283;Sienna;Electrician;62
282;Crystal;Accountant;46
281;Kamila;Restaurant Manager;54
280;Jasmine;Production Painter;61
279;Rocco;Front Desk Coordinator;31
278;Rufus;Cashier;11
277;Mara;Global Logistics Supervisor;43
276;Julius;Bookkeeper;67
275;Jackeline;Associate Professor;22
274;Cassidy;Systems Administrator;39
273;Penny;Operator;15
272;Bridget;Budget Analyst;15
271;Mya;Business Broker;26
270;Melinda;Associate Professor;48
269;Morgan;Cash Manager;56
268;Bethany;Cash Manager;20
267;Gabriel;Systems Administrator;19
266;Wade;Software Engineer;66
265;Daria;IT Support Staff;15
264;Phillip;Cash Manager;14
263;Roger;Physician;62
262;Jacqueline;Operator;61
261;Joseph;Stockbroker;24
260;Mark;Production Painter;62
259;Katelyn;Health Educator;30
258;Elly;HR Specialist;64
257;Madelyn;Clerk;68
256;Maribel;Global Logistics Supervisor;38
255;Julian;Electrician;10
254;Rowan;Investment  Advisor;47
253;Matt;Banker;42
252;Marla;Web Developer;10
251;Sebastian;Machine Operator;47
250;Andie;Software Engineer;59
249;Carl;Assistant Buyer;66
248;Abbey;Dentist;26
247;Karen;Bookkeeper;45
246;Leilani;Loan Officer;26
245;Lucas;Business Broker;14
244;Gil;Bookkeeper;46
243;Sebastian;Operator;65
242;Daron;Designer;69
241;Nathan;HR Specialist;22
240;Bob;Budget Analyst;61
239;Maya;Biologist;63
238;Marjorie;Clerk;28
237;Felicity;Associate Professor;32
236;Liliana;Associate Professor;43
235;Noah;CNC Operator;34
234;Josh;Pharmacist;11
233;Percy;Retail Trainee;60
232;Rosa;IT Support Staff;57
231;Valerie;Inspector;23
230;Bernadette;Physician;16
229;Carina;Investment  Advisor;49
228;David;Restaurant Manager;28
227;Chester;Web Developer;58
226;Daniel;Insurance Broker;38
225;Michael;Biologist;60
224;Tony;Designer;34
223;Jayden;Fabricator;16
222;Caleb;Chef Manager;44
221;Destiny;Baker;49
220;Sydney;Machine Operator;18
219;Elle;Cook;45
218;Moira;Banker;42
217;Owen;Bookkeeper;47
216;Maxwell;Global Logistics Supervisor;12
215;Blake;Operator;21
214;Ema;Assistant Buyer;42
213;Mary;Assistant Buyer;17
212;Hayden;Mobile Developer;26
211;Sofie;Lecturer;25
210;Eduardo;Design Engineer;33
209;Chadwick;Stockbroker;22
208;Alessandra;Call Center Representative;23
207;Chris;Operator;64
206;Priscilla;HR Specialist;23
205;Monica;Baker;16
204;Nate;Investment  Advisor;50
203;Monica;Service Supervisor;22
202;Henry;Business Broker;12
201;Henry;Stockbroker;60
200;Ethan;Inspector;35
199;Kurt;Cash Manager;20
198;Florence;Pharmacist;42
197;Fred;Designer;63
196;Angelica;Bookkeeper;11
195;Jasmine;Treasurer;31
194;Rae;Audiologist;12
193;Ally;Bellman;38
192;Noah;Paramedic;42
191;Mackenzie;Cash Manager;60
190;Gladys;Assistant Buyer;42
189;Joseph;Accountant;25
188;Fred;Mobile Developer;59
187;Lucas;Biologist;34
186;Johnathan;Bellman;57
185;Aisha;Design Engineer;40
184;Jane;Biologist;49
183;Colleen;Mobile Developer;58
182;Cedrick;Banker;51
181;Luke;Web Developer;18
180;Regina;Steward;62
179;Maxwell;Machine Operator;33
178;Chadwick;Assistant Buyer;42
177;Gwenyth;Banker;11
176;Remy;Banker;38
175;Sara;Biologist;14
174;Goldie;Steward;30
173;Makenzie;Banker;11
172;Summer;Machine Operator;62
171;Daron;Systems Administrator;56
170;Jayden;Loan Officer;27
169;Belinda;Front Desk Coordinator;34
168;Fred;Loan Officer;42
167;Rosalyn;Cashier;30
166;Harry;Treasurer;56
165;Ada;Staffing Consultant;19
164;Barry;Bookkeeper;24
163;Denny;Assistant Buyer;25
162;Elle;Laboratory Technician;19
161;Isla;Staffing Consultant;61
160;Roger;Systems Administrator;56
159;Jolene;Cash Manager;55
158;Nathan;Production Painter;44
157;Renee;IT Support Staff;68
156;Payton;Fabricator;37
155;Percy;Production Painter;26
154;Martha;Physician;27
153;Paula;Project Manager;33
152;Marvin;Clerk;66
151;Anthony;Systems Administrator;55
150;Alice;Staffing Consultant;62
149;Evelynn;Call Center Representative;30
148;Benny;Baker;33
147;Rufus;Biologist;48
146;Chester;Operator;41
145;Logan;Treasurer;43
144;Beatrice;Machine Operator;69
143;Owen;Inspector;16
142;Julian;Software Engineer;60
141;Elise;Call Center Representative;41
140;Rhea;Pharmacist;21
139;Candace;Operator;13
138;Georgia;Investment  Advisor;22
137;Emma;Systems Administrator;59
136;Gabriel;Food Technologist;26
135;Winnie;Service Supervisor;14
134;Kaylee;Biologist;31
133;Gwen;Assistant Buyer;29
132;Clint;CNC Operator;25
131;Kate;Service Supervisor;33
130;Aiden;Operator;41
129;Esmeralda;HR Specialist;35
128;Aiden;Project Manager;20
127;Taylor;Machine Operator;61
126;Judith;Physician;42
125;Bob;Ambulatory Nurse;60
124;Lillian;Business Broker;14
123;Martin;Steward;20
122;Bob;Paramedic;51
121;Melania;Investment  Advisor;44
120;Noah;Ambulatory Nurse;52
119;Anais;Associate Professor;34
118;Logan;Executive Director;36
117;Josh;Assistant Buyer;47
116;Miley;Dentist;28
115;Abdul;Front Desk Coordinator;21
114;Anthony;Auditor;63
113;Luke;Operator;34
112;Samara;Physician;39
111;Amy;Operator;37
110;Susan;Production Painter;39
109;Mason;Cook;20
108;Dalia;Banker;13
107;Mason;Audiologist;32
106;Johnathan;Front Desk Coordinator;17
105;Parker;Treasurer;33
104;Adeline;Insurance Broker;48
103;Ronald;Banker;31
102;Logan;IT Support Staff;13
101;Jack;Paramedic;60
100;Ramon;Front Desk Coordinator;14
99;Josh;Project Manager;17
98;Angel;Fabricator;56
97;Liliana;Operator;39
96;Skylar;Electrician;37
95;Kieth;Insurance Broker;16
94;Bart;IT Support Staff;47
93;Danielle;Chef Manager;39
92;Matt;Web Developer;58
91;Nancy;Global Logistics Supervisor;16
90;Tyler;Software Engineer;32
89;David;Call Center Representative;69
88;Stacy;Cash Manager;53
87;Enoch;Investment  Advisor;50
86;Jack;Steward;31
85;Johnathan;Healthcare Specialist;40
84;Maddison;Electrician;38
83;Andrea;Design Engineer;66
82;Liam;Staffing Consultant;19
81;Marvin;Front Desk Coordinator;61
80;Kaylee;Mobile Developer;42
79;Nick;Business Broker;25
78;Denny;Inspector;57
77;Greta;Business Broker;40
76;Tess;Auditor;41
75;Owen;Call Center Representative;52
74;Ryan;Mobile Developer;38
73;Gina;Budget Analyst;19
72;Maxwell;Banker;58
71;Julian;Doctor;41
70;Sebastian;Systems Administrator;58
69;Adalind;Dentist;46
68;Leanne;Project Manager;48
67;Liv;Inspector;13
66;Alma;Pharmacist;69
65;Tess;Healthcare Specialist;27
64;Enoch;Inspector;42
63;Stacy;Lecturer;60
62;Barney;Insurance Broker;59
61;Noemi;Call Center Representative;32
60;Tyson;Service Supervisor;41
59;Ron;Production Painter;45
58;Andie;Project Manager;54
57;Tom;Mobile Developer;22
56;Wade;Biologist;39
55;Harry;Stockbroker;66
54;Amelia;Project Manager;63
53;Enoch;Global Logistics Supervisor;41
52;Marjorie;Production Painter;62
51;Phillip;Retail Trainee;20
50;Benjamin;Machine Operator;64
49;Matt;Web Developer;49
48;Chad;Biologist;40
47;Peter;Doctor;49
46;Gina;Production Painter;16
45;Adalind;Clerk;32
44;Liv;Executive Director;38
43;Caleb;IT Support Staff;63
42;Gwenyth;HR Coordinator;57
41;Caydence;Assistant Buyer;61
40;Mara;Auditor;27
39;Julian;Investment  Advisor;16
38;Julius;Health Educator;59
37;Caitlyn;Audiologist;18
36;Marvin;Staffing Consultant;18
35;Elisabeth;Cashier;18
34;Tyson;Mobile Developer;37
33;Victoria;Cash Manager;16
32;Tess;Retail Trainee;28
31;Denis;Audiologist;49
30;Jacqueline;Fabricator;11
29;Camila;CNC Operator;26
28;Hanna;Healthcare Specialist;26
27;Doris;CNC Operator;39
26;Brad;CNC Operator;66
25;Andie;Global Logistics Supervisor;63
24;Julius;Inspector;42
23;Nate;Loan Officer;49
22;Joyce;Call Center Representative;57
21;Kurt;Designer;28
20;Tony;Cashier;39
19;Joseph;Food Technologist;48
18;Anthony;Front Desk Coordinator;61
17;Brad;Call Center Representative;26
16;Nicholas;Operator;38
15;Caleb;Food Technologist;52
14;Daron;Front Desk Coordinator;34
13;Denny;Bellman;67
12;Logan;Mobile Developer;68
11;Crystal;Webmaster;14
10;Martin;Ambulatory Nurse;11
9;Maxwell;Insurance Broker;29
8;Erin;Investment  Advisor;62
7;Katelyn;Insurance Broker;14
6;Owen;Retail Trainee;37
5;Nathan;Bookkeeper;61
4;Emerald;Healthcare Specialist;42
3;Maribel;Fabricator;54
2;Rocco;Ambulatory Nurse;41
1;Oliver;Food Technologist;14
